Workbook

Sheet Read Me
A1: How to read this workbook
A3: Summary | B3: Key numbers with a verdict and a plain-language meaning, the balance curve, and the diagnosis.
A4: Monthly | B4: One row per month: trades, win rate, net profit, profit factor, start/end balance, return.
A5: Breakdown | B5: Results split by side, exit reason, hold time, weekday and entry hour.
A6: Trades | B6: Every trade on one row: the MT5 entry deal matched to its exit deal, plus a sentence explaining what happened. Use the filter arrows in the header row.
A7: Settings | B7: The EA inputs used in this test, with the important ones explained.
A9: R multiple | B9: Profit divided by the planned risk. +2R = won twice the risk, -1R = lost the planned risk.
A10: Planned risk $ | B10: Distance from order price to initial SL x lots x 100 oz.
A11: Entry slippage $ | B11: How much worse than the order price the trade filled. Positive = worse.
A12: Exit reason | B12: Initial stop loss = full loss. Breakeven/trailing stop = stop had been moved to the order price or beyond (can still be a small loss because of slippage). Closed by EA = closed without an SL comment (account guard, blackout, instant close).
A13: Win / Loss / Flat | B13: Flat = closed at exactly $0.00. MT5 counts those as profit trades, so its win count can be a little higher than here.
A14: Times | B14: All times are the broker SERVER time used by the tester.
A15: Colours | B15: Blue numbers = source data from the MT5 report. Black = formulas. Yellow = the settings that matter most.
A16: Source | B16: Built from the MT5 Strategy Tester report (1845 trades). All totals match the report's Total Net Profit.

Sheet Summary
B1: Backtest summary: plain-language version
B2: XAUUSD_Simple_Breakout_v7 | XAUUSD.T | H1 (2022.04.01 - 2026.10.01)
B3: Inputs (blue): change them and every number recalculates.
B5: Starting balance | C5: 5000 | E5: From the report (Initial Deposit).
B6: Contract size (oz per 1.00 lot) | C6: 100 | E6: Assumption: standard XAUUSD contract (1 lot = 100 oz). Used for planned risk $.
B8: Metric | C8: Value | D8: Verdict | E8: What it means
B9: RESULT
B10: Net profit | C10: =SUM(Trades!$W$2:$W$1846) -> -187.56 | D10: =IF(C10>0,"Profitable","Losing") -> Losing | E10: Total money made or lost over the whole test.
B11: Final balance | C11: =C5+C10 -> 4812.44 | E11: Starting balance + net profit.
B12: Return on starting balance | C12: =IFERROR(C10/C5,0) -> -0.037512 | E12: Net profit as % of the deposit.
B13: Max drawdown $ | C13: =MAX(Trades!$AB$2:$AB$1846) -> 2028.55 | E13: Biggest drop from a balance peak to a later low (closed trades).
B14: Max drawdown % | C14: =MAX(Trades!$AC$2:$AC$1846) -> 0.40571 | D14: =IF(C14<=0.08,"OK for prop","Too deep") -> Too deep | E14: Same drop as % of the peak. Prop firms usually fail you at 8-10%.
B15: TRADES
B16: Total trades | C16: =COUNT(Trades!$W$2:$W$1846) -> 1845 | E16: Each row of the Trades sheet = one entry + its exit.
B17: Winning trades | C17: =COUNTIF(Trades!$Y$2:$Y$1846,"Win") -> 1311
B18: Losing trades | C18: =COUNTIF(Trades!$Y$2:$Y$1846,"Loss") -> 534
B19: Win rate | C19: =IFERROR(C17/C16,0) -> 0.71056911 | D19: =IF(C19>=C23,"Above break-even","Below break-even") -> Below break-even | E19: Share of trades that made money.
B20: Average win | C20: =IFERROR(AVERAGEIF(Trades!$W$2:$W$1846,">0"),0) -> 14.661312 | E20: Typical size of a winner.
B21: Average loss | C21: =IFERROR(AVERAGEIF(Trades!$W$2:$W$1846,"<0"),0) -> -36.345581 | E21: Typical size of a loser.
B22: Win/loss size ratio | C22: =IFERROR(C20/-C21,0) -> 0.40338638 | E22: Average win divided by average loss. Above 1 = winners bigger than losers.
B23: Break-even win rate needed | C23: =IFERROR(-C21/(C20-C21),0) -> 0.71256214 | D23: =IF(C23<C19,"Achieved","Not achieved") -> Not achieved | E23: With these win/loss sizes you need at least this win rate just to break even.
B24: Profit factor | C24: =IFERROR(SUMIF(Trades!$W$2:$W$1846,">0")/-SUMIF(Trades!$W$2:$W$1846,"<0"),0) -> 0.99033621 | D24: =IF(C24>=1.3,"Good",IF(C24>=1,"Weak","Losing")) -> Losing | E24: Gross profit / gross loss. Below 1 = losing system. Aim for 1.3+.
B25: Expectancy per trade | C25: =IFERROR(C10/C16,0) -> -0.10165854 | E25: What one trade earns on average, after slippage.
B26: RISK vs REALITY
B27: Average planned risk per trade | C27: =AVERAGE(Trades!$N$2:$N$1846) -> 36.126829 | E27: SL distance x lots x 100 oz: what the EA meant to risk (about 1%).
B28: Average SL distance $ | C28: =AVERAGE(Trades!$M$2:$M$1846) -> 6 | E28: How far the stop loss was from the order price, in gold dollars.
B29: Average entry slippage $ | C29: =AVERAGE(Trades!$K$2:$K$1846) -> 0.18888347 | E29: How much worse than the order price the stop order filled (spread + slippage).
B30: Slippage as % of the stop | C30: =IFERROR(C29/C28,0) -> 0.031480578 | D30: =IF(C30>0.2,"Too high","OK") -> OK | E30: Share of the stop eaten up before the trade even starts.
B31: Average R on losing trades | C31: =IFERROR(AVERAGEIF(Trades!$Y$2:$Y$1846,"Loss",Trades!$X$2:$X$1846),0) -> -0.99427591 | D31: =IF(C31<-1.05,"Losses overshoot","OK") -> OK | E31: -1.00R = lost exactly the planned risk. Below -1R = slippage made losses bigger than planned.
B32: Losing trades that lost more than 1R | C32: =COUNTIF(Trades!$X$2:$X$1846,"<-1.05") -> 92 | E32: Losses at least 5% bigger than planned.
B33: Average R on winning trades | C33: =IFERROR(AVERAGEIF(Trades!$Y$2:$Y$1846,"Win",Trades!$X$2:$X$1846),0) -> 0.41169591 | E33: Typical winner measured in planned risk.
B34: HOLD TIME
B35: Median hold (seconds) | C35: =MEDIAN(Trades!$P$2:$P$1846) -> 2496 | D35: =IF(C35<60,"Too short","OK") -> OK | E35: Half of all trades were closed faster than this.
B36: Trades closed within 10 seconds | C36: =COUNTIF(Trades!$P$2:$P$1846,"<10") -> 39 | E36: In seconds-long trades the result is mostly spread, slippage and tick noise.
B37: Trades closed within 60 seconds | C37: =COUNTIF(Trades!$P$2:$P$1846,"<60") -> 134
B38: EXITS
B39: Exits: take profit | C39: =COUNTIF(Trades!$T$2:$T$1846,"Take profit") -> 62 | E39: Full wins at the TP.
B40: Exits: initial stop loss | C40: =COUNTIF(Trades!$T$2:$T$1846,"Initial stop loss") -> 496 | E40: Full losses.
B41: Net $ from initial-SL exits | C41: =SUMIF(Trades!$T$2:$T$1846,"Initial stop loss",Trades!$W$2:$W$1846) -> -19025.05
B42: Exits: trailing/breakeven stop | C42: =COUNTIF(Trades!$T$2:$T$1846,"Breakeven/trailing stop") -> 1204 | E42: Stop had been moved to the order price or beyond. Can still lose a little because of entry/exit slippage.
B43: Net $ from trailing/BE exits | C43: =SUMIF(Trades!$T$2:$T$1846,"Breakeven/trailing stop",Trades!$W$2:$W$1846) -> 2954.52
B44: Exits: closed by EA | C44: =COUNTIF(Trades!$T$2:$T$1846,"Closed by EA (no SL)") -> 83 | E44: Closed without an SL comment: account guard, blackout flatten, or an instant close.
B45: Net $ from EA closes | C45: =SUMIF(Trades!$T$2:$T$1846,"Closed by EA (no SL)",Trades!$W$2:$W$1846) -> 4761.72
B47: DIAGNOSIS (analyst notes for this report)
B48: 1. Result: 1845 trades, net $-188, profit factor 0.99, typical stop $6.00, median hold 42 min.
B49: 2. Exits: take profit 62 (3%), net $11,121 | full stop loss 496 (27%), net $-19,025 | breakeven/trailing stop 1204 (65%), net $2,955 | close time / EA 83 (4%), net $4,762.
B50: 3. Breakeven is hit very often (65% of trades, average +0.07R). That raises the win rate but those 'wins' are worth almost nothing, and they stop trades that would have gone on to the TP. Move breakeven later (e.g. 1R).
B51: 4. Full losses average -1.05R (worst -2.49R); entry slippage averages $0.19 = 3% of the stop.
B52: 5. Best setup PDH_B ($3,029), worst RANGE_S ($-2,527) - see Breakdown > By setup.
B53: 6. Worst entry hours (server): 09:00 ($-1,474), 14:00 ($-350), 12:00 ($-309) - candidates for a no-trade window.

Sheet Monthly
A1: Month | B1: Trades | C1: Wins | D1: Losses | E1: Win rate | F1: Gross profit | G1: Gross loss | H1: Net profit | I1: Profit factor | J1: Average win | K1: Average loss | L1: Best trade | M1: Worst trade | N1: Avg R | O1: Start balance | P1: End balance | Q1: Return % | R1: Comment
A2: 2022-04 | B2: =COUNTIFS(Trades!$B$2:$B$1846,$A2) -> 34 | C2: =COUNTIFS(Trades!$B$2:$B$1846,$A2,Trades!$Y$2:$Y$1846,"Win") -> 21 | D2: =COUNTIFS(Trades!$B$2:$B$1846,$A2,Trades!$Y$2:$Y$1846,"Loss") -> 13 | E2: =IFERROR(C2/B2,0) -> 0.61764706 | F2: =SUMIFS(Trades!$W$2:$W$1846,Trades!$B$2:$B$1846,$A2,Trades!$W$2:$W$1846,">0") -> 562.92 | G2: =SUMIFS(Trades!$W$2:$W$1846,Trades!$B$2:$B$1846,$A2,Trades!$W$2:$W$1846,"<0") -> -613.81 | H2: =F2+G2 -> -50.89 | I2: =IFERROR(F2/-G2,"no losses") -> 0.91709161 | J2: =IFERROR(F2/C2,0) -> 26.805714 | K2: =IFERROR(G2/D2,0) -> -47.216154 | L2: =_xlfn.MAXIFS(Trades!$W$2:$W$1846,Trades!$B$2:$B$1846,$A2) -> 144.27 | M2: =_xlfn.MINIFS(Trades!$W$2:$W$1846,Trades!$B$2:$B$1846,$A2) -> -54.08 | N2: =IFERROR(AVERAGEIFS(Trades!$X$2:$X$1846,Trades!$B$2:$B$1846,$A2),0) -> -0.015196078 | O2: =Summary!$C$5 -> 5000 | P2: =O2+H2 -> 4949.11 | Q2: =IFERROR(H2/O2,0) -> -0.010178 | R2: =IF(H2>0,"Up month",IF(H2<0,"Down month","Flat"))&" | "&B2&" trades, "&TEXT(E2,"0%")&" won" -> Down month | 34 trades, 62% won
A3: 2022-05 | B3: =COUNTIFS(Trades!$B$2:$B$1846,$A3) -> 37 | C3: =COUNTIFS(Trades!$B$2:$B$1846,$A3,Trades!$Y$2:$Y$1846,"Win") -> 27 | D3: =COUNTIFS(Trades!$B$2:$B$1846,$A3,Trades!$Y$2:$Y$1846,"Loss") -> 10 | E3: =IFERROR(C3/B3,0) -> 0.72972973 | F3: =SUMIFS(Trades!$W$2:$W$1846,Trades!$B$2:$B$1846,$A3,Trades!$W$2:$W$1846,">0") -> 94.49 | G3: =SUMIFS(Trades!$W$2:$W$1846,Trades!$B$2:$B$1846,$A3,Trades!$W$2:$W$1846,"<0") -> -458.62 | H3: =F3+G3 -> -364.13 | I3: =IFERROR(F3/-G3,"no losses") -> 0.20603114 | J3: =IFERROR(F3/C3,0) -> 3.4996296 | K3: =IFERROR(G3/D3,0) -> -45.862 | L3: =_xlfn.MAXIFS(Trades!$W$2:$W$1846,Trades!$B$2:$B$1846,$A3) -> 4 | M3: =_xlfn.MINIFS(Trades!$W$2:$W$1846,Trades!$B$2:$B$1846,$A3) -> -48.8 | N3: =IFERROR(AVERAGEIFS(Trades!$X$2:$X$1846,Trades!$B$2:$B$1846,$A3),0) -> -0.21995495 | O3: =P2 -> 4949.11 | P3: =O3+H3 -> 4584.98 | Q3: =IFERROR(H3/O3,0) -> -0.073574845 | R3: =IF(H3>0,"Up month",IF(H3<0,"Down month","Flat"))&" | "&B3&" trades, "&TEXT(E3,"0%")&" won" -> Down month | 37 trades, 73% won
A4: 2022-06 | B4: =COUNTIFS(Trades!$B$2:$B$1846,$A4) -> 36 | C4: =COUNTIFS(Trades!$B$2:$B$1846,$A4,Trades!$Y$2:$Y$1846,"Win") -> 23 | D4: =COUNTIFS(Trades!$B$2:$B$1846,$A4,Trades!$Y$2:$Y$1846,"Loss") -> 13 | E4: =IFERROR(C4/B4,0) -> 0.63888889 | F4: =SUMIFS(Trades!$W$2:$W$1846,Trades!$B$2:$B$1846,$A4,Trades!$W$2:$W$1846,">0") -> 306.11 | G4: =SUMIFS(Trades!$W$2:$W$1846,Trades!$B$2:$B$1846,$A4,Trades!$W$2:$W$1846,"<0") -> -544.53 | H4: =F4+G4 -> -238.42 | I4: =IFERROR(F4/-G4,"no losses") -> 0.56215452 | J4: =IFERROR(F4/C4,0) -> 13.30913 | K4: =IFERROR(G4/D4,0) -> -41.886923 | L4: =_xlfn.MAXIFS(Trades!$W$2:$W$1846,Trades!$B$2:$B$1846,$A4) -> 145.11 | M4: =_xlfn.MINIFS(Trades!$W$2:$W$1846,Trades!$B$2:$B$1846,$A4) -> -48.44 | N4: =IFERROR(AVERAGEIFS(Trades!$X$2:$X$1846,Trades!$B$2:$B$1846,$A4),0) -> -0.15768519 | O4: =P3 -> 4584.98 | P4: =O4+H4 -> 4346.56 | Q4: =IFERROR(H4/O4,0) -> -0.052000227 | R4: =IF(H4>0,"Up month",IF(H4<0,"Down month","Flat"))&" | "&B4&" trades, "&TEXT(E4,"0%")&" won" -> Down month | 36 trades, 64% won
A5: 2022-07 | B5: =COUNTIFS(Trades!$B$2:$B$1846,$A5) -> 33 | C5: =COUNTIFS(Trades!$B$2:$B$1846,$A5,Trades!$Y$2:$Y$1846,"Win") -> 23 | D5: =COUNTIFS(Trades!$B$2:$B$1846,$A5,Trades!$Y$2:$Y$1846,"Loss") -> 10 | E5: =IFERROR(C5/B5,0) -> 0.6969697 | F5: =SUMIFS(Trades!$W$2:$W$1846,Trades!$B$2:$B$1846,$A5,Trades!$W$2:$W$1846,">0") -> 321.79 | G5: =SUMIFS(Trades!$W$2:$W$1846,Trades!$B$2:$B$1846,$A5,Trades!$W$2:$W$1846,"<0") -> -392.07 | H5: =F5+G5 -> -70.28 | I5: =IFERROR(F5/-G5,"no losses") -> 0.8207463 | J5: =IFERROR(F5/C5,0) -> 13.99087 | K5: =IFERROR(G5/D5,0) -> -39.207 | L5: =_xlfn.MAXIFS(Trades!$W$2:$W$1846,Trades!$B$2:$B$1846,$A5) -> 221.69 | M5: =_xlfn.MINIFS(Trades!$W$2:$W$1846,Trades!$B$2:$B$1846,$A5) -> -44.31 | N5: =IFERROR(AVERAGEIFS(Trades!$X$2:$X$1846,Trades!$B$2:$B$1846,$A5),0) -> -0.050707071 | O5: =P4 -> 4346.56 | P5: =O5+H5 -> 4276.28 | Q5: =IFERROR(H5/O5,0) -> -0.016169108 | R5: =IF(H5>0,"Up month",IF(H5<0,"Down month","Flat"))&" | "&B5&" trades, "&TEXT(E5,"0%")&" won" -> Down month | 33 trades, 70% won
A6: 2022-08 | B6: =COUNTIFS(Trades!$B$2:$B$1846,$A6) -> 38 | C6: =COUNTIFS(Trades!$B$2:$B$1846,$A6,Trades!$Y$2:$Y$1846,"Win") -> 25 | D6: =COUNTIFS(Trades!$B$2:$B$1846,$A6,Trades!$Y$2:$Y$1846,"Loss") -> 13 | E6: =IFERROR(C6/B6,0) -> 0.65789474 | F6: =SUMIFS(Trades!$W$2:$W$1846,Trades!$B$2:$B$1846,$A6,Trades!$W$2:$W$1846,">0") -> 323.38 | G6: =SUMIFS(Trades!$W$2:$W$1846,Trades!$B$2:$B$1846,$A6,Trades!$W$2:$W$1846,"<0") -> -528.13 | H6: =F6+G6 -> -204.75 | I6: =IFERROR(F6/-G6,"no losses") -> 0.61231136 | J6: =IFERROR(F6/C6,0) -> 12.9352 | K6: =IFERROR(G6/D6,0) -> -40.625385 | L6: =_xlfn.MAXIFS(Trades!$W$2:$W$1846,Trades!$B$2:$B$1846,$A6) -> 139.09 | M6: =_xlfn.MINIFS(Trades!$W$2:$W$1846,Trades!$B$2:$B$1846,$A6) -> -42.49 | N6: =IFERROR(AVERAGEIFS(Trades!$X$2:$X$1846,Trades!$B$2:$B$1846,$A6),0) -> -0.13447368 | O6: =P5 -> 4276.28 | P6: =O6+H6 -> 4071.53 | Q6: =IFERROR(H6/O6,0) -> -0.047880401 | R6: =IF(H6>0,"Up month",IF(H6<0,"Down month","Flat"))&" | "&B6&" trades, "&TEXT(E6,"0%")&" won" -> Down month | 38 trades, 66% won
A7: 2022-09 | B7: =COUNTIFS(Trades!$B$2:$B$1846,$A7) -> 35 | C7: =COUNTIFS(Trades!$B$2:$B$1846,$A7,Trades!$Y$2:$Y$1846,"Win") -> 25 | D7: =COUNTIFS(Trades!$B$2:$B$1846,$A7,Trades!$Y$2:$Y$1846,"Loss") -> 10 | E7: =IFERROR(C7/B7,0) -> 0.71428571 | F7: =SUMIFS(Trades!$W$2:$W$1846,Trades!$B$2:$B$1846,$A7,Trades!$W$2:$W$1846,">0") -> 132.24 | G7: =SUMIFS(Trades!$W$2:$W$1846,Trades!$B$2:$B$1846,$A7,Trades!$W$2:$W$1846,"<0") -> -353.76 | H7: =F7+G7 -> -221.52 | I7: =IFERROR(F7/-G7,"no losses") -> 0.37381275 | J7: =IFERROR(F7/C7,0) -> 5.2896 | K7: =IFERROR(G7/D7,0) -> -35.376 | L7: =_xlfn.MAXIFS(Trades!$W$2:$W$1846,Trades!$B$2:$B$1846,$A7) -> 57.54 | M7: =_xlfn.MINIFS(Trades!$W$2:$W$1846,Trades!$B$2:$B$1846,$A7) -> -50.82 | N7: =IFERROR(AVERAGEIFS(Trades!$X$2:$X$1846,Trades!$B$2:$B$1846,$A7),0) -> -0.17580952 | O7: =P6 -> 4071.53 | P7: =O7+H7 -> 3850.01 | Q7: =IFERROR(H7/O7,0) -> -0.054407066 | R7: =IF(H7>0,"Up month",IF(H7<0,"Down month","Flat"))&" | "&B7&" trades, "&TEXT(E7,"0%")&" won" -> Down month | 35 trades, 71% won
A8: 2022-10 | B8: =COUNTIFS(Trades!$B$2:$B$1846,$A8) -> 29 | C8: =COUNTIFS(Trades!$B$2:$B$1846,$A8,Trades!$Y$2:$Y$1846,"Win") -> 23 | D8: =COUNTIFS(Trades!$B$2:$B$1846,$A8,Trades!$Y$2:$Y$1846,"Loss") -> 6 | E8: =IFERROR(C8/B8,0) -> 0.79310345 | F8: =SUMIFS(Trades!$W$2:$W$1846,Trades!$B$2:$B$1846,$A8,Trades!$W$2:$W$1846,">0") -> 444.84 | G8: =SUMIFS(Trades!$W$2:$W$1846,Trades!$B$2:$B$1846,$A8,Trades!$W$2:$W$1846,"<0") -> -217.44 | H8: =F8+G8 -> 227.4 | I8: =IFERROR(F8/-G8,"no losses") -> 2.0458057 | J8: =IFERROR(F8/C8,0) -> 19.34087 | K8: =IFERROR(G8/D8,0) -> -36.24 | L8: =_xlfn.MAXIFS(Trades!$W$2:$W$1846,Trades!$B$2:$B$1846,$A8) -> 130.32 | M8: =_xlfn.MINIFS(Trades!$W$2:$W$1846,Trades!$B$2:$B$1846,$A8) -> -36.6 | N8: =IFERROR(AVERAGEIFS(Trades!$X$2:$X$1846,Trades!$B$2:$B$1846,$A8),0) -> 0.21781609 | O8: =P7 -> 3850.01 | P8: =O8+H8 -> 4077.41 | Q8: =IFERROR(H8/O8,0) -> 0.059064782 | R8: =IF(H8>0,"Up month",IF(H8<0,"Down month","Flat"))&" | "&B8&" trades, "&TEXT(E8,"0%")&" won" -> Up month | 29 trades, 79% won
A9: 2022-11 | B9: =COUNTIFS(Trades!$B$2:$B$1846,$A9) -> 37 | C9: =COUNTIFS(Trades!$B$2:$B$1846,$A9,Trades!$Y$2:$Y$1846,"Win") -> 30 | D9: =COUNTIFS(Trades!$B$2:$B$1846,$A9,Trades!$Y$2:$Y$1846,"Loss") -> 7 | E9: =IFERROR(C9/B9,0) -> 0.81081081 | F9: =SUMIFS(Trades!$W$2:$W$1846,Trades!$B$2:$B$1846,$A9,Trades!$W$2:$W$1846,">0") -> 680.5 | G9: =SUMIFS(Trades!$W$2:$W$1846,Trades!$B$2:$B$1846,$A9,Trades!$W$2:$W$1846,"<0") -> -278.94 | H9: =F9+G9 -> 401.56 | I9: =IFERROR(F9/-G9,"no losses") -> 2.4395927 | J9: =IFERROR(F9/C9,0) -> 22.683333 | K9: =IFERROR(G9/D9,0) -> -39.848571 | L9: =_xlfn.MAXIFS(Trades!$W$2:$W$1846,Trades!$B$2:$B$1846,$A9) -> 208.88 | M9: =_xlfn.MINIFS(Trades!$W$2:$W$1846,Trades!$B$2:$B$1846,$A9) -> -42.7 | N9: =IFERROR(AVERAGEIFS(Trades!$X$2:$X$1846,Trades!$B$2:$B$1846,$A9),0) -> 0.28851351 | O9: =P8 -> 4077.41 | P9: =O9+H9 -> 4478.97 | Q9: =IFERROR(H9/O9,0) -> 0.098484087 | R9: =IF(H9>0,"Up month",IF(H9<0,"Down month","Flat"))&" | "&B9&" trades, "&TEXT(E9,"0%")&" won" -> Up month | 37 trades, 81% won
A10: 2022-12 | B10: =COUNTIFS(Trades!$B$2:$B$1846,$A10) -> 32 | C10: =COUNTIFS(Trades!$B$2:$B$1846,$A10,Trades!$Y$2:$Y$1846,"Win") -> 27 | D10: =COUNTIFS(Trades!$B$2:$B$1846,$A10,Trades!$Y$2:$Y$1846,"Loss") -> 5 | E10: =IFERROR(C10/B10,0) -> 0.84375 | F10: =SUMIFS(Trades!$W$2:$W$1846,Trades!$B$2:$B$1846,$A10,Trades!$W$2:$W$1846,">0") -> 499.59 | G10: =SUMIFS(Trades!$W$2:$W$1846,Trades!$B$2:$B$1846,$A10,Trades!$W$2:$W$1846,"<0") -> -211.96 | H10: =F10+G10 -> 287.63 | I10: =IFERROR(F10/-G10,"no losses") -> 2.3570013 | J10: =IFERROR(F10/C10,0) -> 18.503333 | K10: =IFERROR(G10/D10,0) -> -42.392 | L10: =_xlfn.MAXIFS(Trades!$W$2:$W$1846,Trades!$B$2:$B$1846,$A10) -> 162.89 | M10: =_xlfn.MINIFS(Trades!$W$2:$W$1846,Trades!$B$2:$B$1846,$A10) -> -42.84 | N10: =IFERROR(AVERAGEIFS(Trades!$X$2:$X$1846,Trades!$B$2:$B$1846,$A10),0) -> 0.21401042 | O10: =P9 -> 4478.97 | P10: =O10+H10 -> 4766.6 | Q10: =IFERROR(H10/O10,0) -> 0.064217889 | R10: =IF(H10>0,"Up month",IF(H10<0,"Down month","Flat"))&" | "&B10&" trades, "&TEXT(E10,"0%")&" won" -> Up month | 32 trades, 84% won
A11: 2023-01 | B11: =COUNTIFS(Trades!$B$2:$B$1846,$A11) -> 33 | C11: =COUNTIFS(Trades!$B$2:$B$1846,$A11,Trades!$Y$2:$Y$1846,"Win") -> 25 | D11: =COUNTIFS(Trades!$B$2:$B$1846,$A11,Trades!$Y$2:$Y$1846,"Loss") -> 8 | E11: =IFERROR(C11/B11,0) -> 0.75757576 | F11: =SUMIFS(Trades!$W$2:$W$1846,Trades!$B$2:$B$1846,$A11,Trades!$W$2:$W$1846,">0") -> 150.71 | G11: =SUMIFS(Trades!$W$2:$W$1846,Trades!$B$2:$B$1846,$A11,Trades!$W$2:$W$1846,"<0") -> -349.23 | H11: =F11+G11 -> -198.52 | I11: =IFERROR(F11/-G11,"no losses") -> 0.43154941 | J11: =IFERROR(F11/C11,0) -> 6.0284 | K11: =IFERROR(G11/D11,0) -> -43.65375 | L11: =_xlfn.MAXIFS(Trades!$W$2:$W$1846,Trades!$B$2:$B$1846,$A11) -> 62.65 | M11: =_xlfn.MINIFS(Trades!$W$2:$W$1846,Trades!$B$2:$B$1846,$A11) -> -48.3 | N11: =IFERROR(AVERAGEIFS(Trades!$X$2:$X$1846,Trades!$B$2:$B$1846,$A11),0) -> -0.14323232 | O11: =P10 -> 4766.6 | P11: =O11+H11 -> 4568.08 | Q11: =IFERROR(H11/O11,0) -> -0.041648135 | R11: =IF(H11>0,"Up month",IF(H11<0,"Down month","Flat"))&" | "&B11&" trades, "&TEXT(E11,"0%")&" won" -> Down month | 33 trades, 76% won
A12: 2023-02 | B12: =COUNTIFS(Trades!$B$2:$B$1846,$A12) -> 35 | C12: =COUNTIFS(Trades!$B$2:$B$1846,$A12,Trades!$Y$2:$Y$1846,"Win") -> 23 | D12: =COUNTIFS(Trades!$B$2:$B$1846,$A12,Trades!$Y$2:$Y$1846,"Loss") -> 12 | E12: =IFERROR(C12/B12,0) -> 0.65714286 | F12: =SUMIFS(Trades!$W$2:$W$1846,Trades!$B$2:$B$1846,$A12,Trades!$W$2:$W$1846,">0") -> 127.26 | G12: =SUMIFS(Trades!$W$2:$W$1846,Trades!$B$2:$B$1846,$A12,Trades!$W$2:$W$1846,"<0") -> -474.6 | H12: =F12+G12 -> -347.34 | I12: =IFERROR(F12/-G12,"no losses") -> 0.26814159 | J12: =IFERROR(F12/C12,0) -> 5.5330435 | K12: =IFERROR(G12/D12,0) -> -39.55 | L12: =_xlfn.MAXIFS(Trades!$W$2:$W$1846,Trades!$B$2:$B$1846,$A12) -> 54.18 | M12: =_xlfn.MINIFS(Trades!$W$2:$W$1846,Trades!$B$2:$B$1846,$A12) -> -43.54 | N12: =IFERROR(AVERAGEIFS(Trades!$X$2:$X$1846,Trades!$B$2:$B$1846,$A12),0) -> -0.23628571 | O12: =P11 -> 4568.08 | P12: =O12+H12 -> 4220.74 | Q12: =IFERROR(H12/O12,0) -> -0.076036322 | R12: =IF(H12>0,"Up month",IF(H12<0,"Down month","Flat"))&" | "&B12&" trades, "&TEXT(E12,"0%")&" won" -> Down month | 35 trades, 66% won
A13: 2023-03 | B13: =COUNTIFS(Trades!$B$2:$B$1846,$A13) -> 31 | C13: =COUNTIFS(Trades!$B$2:$B$1846,$A13,Trades!$Y$2:$Y$1846,"Win") -> 23 | D13: =COUNTIFS(Trades!$B$2:$B$1846,$A13,Trades!$Y$2:$Y$1846,"Loss") -> 8 | E13: =IFERROR(C13/B13,0) -> 0.74193548 | F13: =SUMIFS(Trades!$W$2:$W$1846,Trades!$B$2:$B$1846,$A13,Trades!$W$2:$W$1846,">0") -> 246.46 | G13: =SUMIFS(Trades!$W$2:$W$1846,Trades!$B$2:$B$1846,$A13,Trades!$W$2:$W$1846,"<0") -> -324.82 | H13: =F13+G13 -> -78.36 | I13: =IFERROR(F13/-G13,"no losses") -> 0.7587587 | J13: =IFERROR(F13/C13,0) -> 10.715652 | K13: =IFERROR(G13/D13,0) -> -40.6025 | L13: =_xlfn.MAXIFS(Trades!$W$2:$W$1846,Trades!$B$2:$B$1846,$A13) -> 179.76 | M13: =_xlfn.MINIFS(Trades!$W$2:$W$1846,Trades!$B$2:$B$1846,$A13) -> -45.6 | N13: =IFERROR(AVERAGEIFS(Trades!$X$2:$X$1846,Trades!$B$2:$B$1846,$A13),0) -> -0.052580645 | O13: =P12 -> 4220.74 | P13: =O13+H13 -> 4142.38 | Q13: =IFERROR(H13/O13,0) -> -0.018565465 | R13: =IF(H13>0,"Up month",IF(H13<0,"Down month","Flat"))&" | "&B13&" trades, "&TEXT(E13,"0%")&" won" -> Down month | 31 trades, 74% won
A14: 2023-04 | B14: =COUNTIFS(Trades!$B$2:$B$1846,$A14) -> 30 | C14: =COUNTIFS(Trades!$B$2:$B$1846,$A14,Trades!$Y$2:$Y$1846,"Win") -> 26 | D14: =COUNTIFS(Trades!$B$2:$B$1846,$A14,Trades!$Y$2:$Y$1846,"Loss") -> 4 | E14: =IFERROR(C14/B14,0) -> 0.86666667 | F14: =SUMIFS(Trades!$W$2:$W$1846,Trades!$B$2:$B$1846,$A14,Trades!$W$2:$W$1846,">0") -> 128.1 | G14: =SUMIFS(Trades!$W$2:$W$1846,Trades!$B$2:$B$1846,$A14,Trades!$W$2:$W$1846,"<0") -> -149.58 | H14: =F14+G14 -> -21.48 | I14: =IFERROR(F14/-G14,"no losses") -> 0.85639791 | J14: =IFERROR(F14/C14,0) -> 4.9269231 | K14: =IFERROR(G14/D14,0) -> -37.395 | L14: =_xlfn.MAXIFS(Trades!$W$2:$W$1846,Trades!$B$2:$B$1846,$A14) -> 45.18 | M14: =_xlfn.MINIFS(Trades!$W$2:$W$1846,Trades!$B$2:$B$1846,$A14) -> -40.08 | N14: =IFERROR(AVERAGEIFS(Trades!$X$2:$X$1846,Trades!$B$2:$B$1846,$A14),0) -> -0.019888889 | O14: =P13 -> 4142.38 | P14: =O14+H14 -> 4120.9 | Q14: =IFERROR(H14/O14,0) -> -0.0051854248 | R14: =IF(H14>0,"Up month",IF(H14<0,"Down month","Flat"))&" | "&B14&" trades, "&TEXT(E14,"0%")&" won" -> Down month | 30 trades, 87% won
... A55: 2026-09 | B55: =COUNTIFS(Trades!$B$2:$B$1846,$A55) -> 34 | C55: =COUNTIFS(Trades!$B$2:$B$1846,$A55,Trades!$Y$2:$Y$1846,"Win") -> 24 | D55: =COUNTIFS(Trades!$B$2:$B$1846,$A55,Trades!$Y$2:$Y$1846,"Loss") -> 10 | E55: =IFERROR(C55/B55,0) -> 0.70588235 | F55: =SUMIFS(Trades!$W$2:$W$1846,Trades!$B$2:$B$1846,$A55,Trades!$W$2:$W$1846,">0") -> 695.57 | G55: =SUMIFS(Trades!$W$2:$W$1846,Trades!$B$2:$B$1846,$A55,Trades!$W$2:$W$1846,"<0") -> -489 | H55: =F55+G55 -> 206.57 | I55: =IFERROR(F55/-G55,"no losses") -> 1.4224335 | J55: =IFERROR(F55/C55,0) -> 28.982083 | K55: =IFERROR(G55/D55,0) -> -48.9 | L55: =_xlfn.MAXIFS(Trades!$W$2:$W$1846,Trades!$B$2:$B$1846,$A55) -> 213.85 | M55: =_xlfn.MINIFS(Trades!$W$2:$W$1846,Trades!$B$2:$B$1846,$A55) -> -99.26 | N55: =IFERROR(AVERAGEIFS(Trades!$X$2:$X$1846,Trades!$B$2:$B$1846,$A55),0) -> 0.15529412 | O55: =P54 -> 4605.87 | P55: =O55+H55 -> 4812.44 | Q55: =IFERROR(H55/O55,0) -> 0.04484929 | R55: =IF(H55>0,"Up month",IF(H55<0,"Down month","Flat"))&" | "&B55&" trades, "&TEXT(E55,"0%")&" won" -> Up month | 34 trades, 71% won
A56: TOTAL | B56: =SUM(B2:B55) -> 1845 | C56: =SUM(C2:C55) -> 1311 | D56: =SUM(D2:D55) -> 534 | E56: =IFERROR(C56/B56,0) -> 0.71056911 | F56: =SUM(F2:F55) -> 19220.98 | G56: =SUM(G2:G55) -> -19408.54 | H56: =SUM(H2:H55) -> -187.56 | I56: =IFERROR(F56/-G56,0) -> 0.99033621 | P56: =P55 -> 4812.44 | Q56: =IFERROR(H56/O2,0) -> -0.037512 | R56: =COUNTIF(H2:H55,">0")&" up months / "&COUNTIF(H2:H55,"<0")&" down months" -> 21 up months / 33 down months
A58: Blue = up month, orange = down month.

Sheet Breakdown
A1: Where the money is made and lost
A3: By side | G3: Is one direction worse than the other?
A4: side | B4: Trades | C4: Win rate | D4: Net profit | E4: Avg per trade | F4: Avg R
A5: BUY | B5: =COUNTIFS(Trades!$F$2:$F$1846,$A5) -> 951 | C5: =IFERROR(COUNTIFS(Trades!$F$2:$F$1846,$A5,Trades!$Y$2:$Y$1846,"Win")/B5,0) -> 0.74237645 | D5: =SUMIFS(Trades!$W$2:$W$1846,Trades!$F$2:$F$1846,$A5) -> 3145.18 | E5: =IFERROR(D5/B5,0) -> 3.3072345 | F5: =IFERROR(AVERAGEIFS(Trades!$X$2:$X$1846,Trades!$F$2:$F$1846,$A5),0) -> 0.099616193
A6: SELL | B6: =COUNTIFS(Trades!$F$2:$F$1846,$A6) -> 894 | C6: =IFERROR(COUNTIFS(Trades!$F$2:$F$1846,$A6,Trades!$Y$2:$Y$1846,"Win")/B6,0) -> 0.67673378 | D6: =SUMIFS(Trades!$W$2:$W$1846,Trades!$F$2:$F$1846,$A6) -> -3332.74 | E6: =IFERROR(D6/B6,0) -> -3.7278971 | F6: =IFERROR(AVERAGEIFS(Trades!$X$2:$X$1846,Trades!$F$2:$F$1846,$A6),0) -> -0.096135347
A7: Total | B7: =SUM(B5:B6) -> 1845 | D7: =SUM(D5:D6) -> -187.56
A9: By exit reason | G9: Avg R on 'Initial stop loss' below -1R means the stop filled worse than planned (slippage).
A10: exit reason | B10: Trades | C10: Win rate | D10: Net profit | E10: Avg per trade | F10: Avg R
A11: Take profit | B11: =COUNTIFS(Trades!$T$2:$T$1846,$A11) -> 62 | C11: =IFERROR(COUNTIFS(Trades!$T$2:$T$1846,$A11,Trades!$Y$2:$Y$1846,"Win")/B11,0) -> 1 | D11: =SUMIFS(Trades!$W$2:$W$1846,Trades!$T$2:$T$1846,$A11) -> 11121.25 | E11: =IFERROR(D11/B11,0) -> 179.375 | F11: =IFERROR(AVERAGEIFS(Trades!$X$2:$X$1846,Trades!$T$2:$T$1846,$A11),0) -> 4.9646237
A12: Initial stop loss | B12: =COUNTIFS(Trades!$T$2:$T$1846,$A12) -> 496 | C12: =IFERROR(COUNTIFS(Trades!$T$2:$T$1846,$A12,Trades!$Y$2:$Y$1846,"Win")/B12,0) -> 0 | D12: =SUMIFS(Trades!$W$2:$W$1846,Trades!$T$2:$T$1846,$A12) -> -19025.05 | E12: =IFERROR(D12/B12,0) -> -38.356956 | F12: =IFERROR(AVERAGEIFS(Trades!$X$2:$X$1846,Trades!$T$2:$T$1846,$A12),0) -> -1.0496304
A13: Breakeven/trailing stop | B13: =COUNTIFS(Trades!$T$2:$T$1846,$A13) -> 1204 | C13: =IFERROR(COUNTIFS(Trades!$T$2:$T$1846,$A13,Trades!$Y$2:$Y$1846,"Win")/B13,0) -> 0.97674419 | D13: =SUMIFS(Trades!$W$2:$W$1846,Trades!$T$2:$T$1846,$A13) -> 2954.52 | E13: =IFERROR(D13/B13,0) -> 2.4539203 | F13: =IFERROR(AVERAGEIFS(Trades!$X$2:$X$1846,Trades!$T$2:$T$1846,$A13),0) -> 0.068354097
A14: Moved stop (below entry) | B14: =COUNTIFS(Trades!$T$2:$T$1846,$A14) -> 0 | C14: =IFERROR(COUNTIFS(Trades!$T$2:$T$1846,$A14,Trades!$Y$2:$Y$1846,"Win")/B14,0) -> 0 | D14: =SUMIFS(Trades!$W$2:$W$1846,Trades!$T$2:$T$1846,$A14) -> 0 | E14: =IFERROR(D14/B14,0) -> 0 | F14: =IFERROR(AVERAGEIFS(Trades!$X$2:$X$1846,Trades!$T$2:$T$1846,$A14),0) -> 0
A15: Closed by EA (no SL) | B15: =COUNTIFS(Trades!$T$2:$T$1846,$A15) -> 83 | C15: =IFERROR(COUNTIFS(Trades!$T$2:$T$1846,$A15,Trades!$Y$2:$Y$1846,"Win")/B15,0) -> 0.87951807 | D15: =SUMIFS(Trades!$W$2:$W$1846,Trades!$T$2:$T$1846,$A15) -> 4761.72 | E15: =IFERROR(D15/B15,0) -> 57.37012 | F15: =IFERROR(AVERAGEIFS(Trades!$X$2:$X$1846,Trades!$T$2:$T$1846,$A15),0) -> 1.6783333
A16: Total | B16: =SUM(B11:B15) -> 1845 | D16: =SUM(D11:D15) -> -187.56
A18: By hold time | G18: Trades lasting seconds are decided by spread and tick noise, not by the strategy idea.
A19: hold time | B19: Trades | C19: Win rate | D19: Net profit | E19: Avg per trade | F19: Avg R
A20: a) <10s | B20: =COUNTIFS(Trades!$Q$2:$Q$1846,$A20) -> 39 | C20: =IFERROR(COUNTIFS(Trades!$Q$2:$Q$1846,$A20,Trades!$Y$2:$Y$1846,"Win")/B20,0) -> 0.69230769 | D20: =SUMIFS(Trades!$W$2:$W$1846,Trades!$Q$2:$Q$1846,$A20) -> -357.5 | E20: =IFERROR(D20/B20,0) -> -9.1666667 | F20: =IFERROR(AVERAGEIFS(Trades!$X$2:$X$1846,Trades!$Q$2:$Q$1846,$A20),0) -> -0.22149573
A21: b) 10-60s | B21: =COUNTIFS(Trades!$Q$2:$Q$1846,$A21) -> 95 | C21: =IFERROR(COUNTIFS(Trades!$Q$2:$Q$1846,$A21,Trades!$Y$2:$Y$1846,"Win")/B21,0) -> 0.67368421 | D21: =SUMIFS(Trades!$W$2:$W$1846,Trades!$Q$2:$Q$1846,$A21) -> -807.29 | E21: =IFERROR(D21/B21,0) -> -8.4977895 | F21: =IFERROR(AVERAGEIFS(Trades!$X$2:$X$1846,Trades!$Q$2:$Q$1846,$A21),0) -> -0.21633333
A22: c) 1-10min | B22: =COUNTIFS(Trades!$Q$2:$Q$1846,$A22) -> 377 | C22: =IFERROR(COUNTIFS(Trades!$Q$2:$Q$1846,$A22,Trades!$Y$2:$Y$1846,"Win")/B22,0) -> 0.74005305 | D22: =SUMIFS(Trades!$W$2:$W$1846,Trades!$Q$2:$Q$1846,$A22) -> -2644.58 | E22: =IFERROR(D22/B22,0) -> -7.0148011 | F22: =IFERROR(AVERAGEIFS(Trades!$X$2:$X$1846,Trades!$Q$2:$Q$1846,$A22),0) -> -0.17763926
A23: d) >10min | B23: =COUNTIFS(Trades!$Q$2:$Q$1846,$A23) -> 1334 | C23: =IFERROR(COUNTIFS(Trades!$Q$2:$Q$1846,$A23,Trades!$Y$2:$Y$1846,"Win")/B23,0) -> 0.7053973 | D23: =SUMIFS(Trades!$W$2:$W$1846,Trades!$Q$2:$Q$1846,$A23) -> 3621.81 | E23: =IFERROR(D23/B23,0) -> 2.715 | F23: =IFERROR(AVERAGEIFS(Trades!$X$2:$X$1846,Trades!$Q$2:$Q$1846,$A23),0) -> 0.078673163
A24: Total | B24: =SUM(B20:B23) -> 1845 | D24: =SUM(D20:D23) -> -187.56
A26: By weekday (entry) | G26: Day of the week the trade was entered (server time).
A27: weekday | B27: Trades | C27: Win rate | D27: Net profit | E27: Avg per trade | F27: Avg R
A28: Mon | B28: =COUNTIFS(Trades!$D$2:$D$1846,$A28) -> 324 | C28: =IFERROR(COUNTIFS(Trades!$D$2:$D$1846,$A28,Trades!$Y$2:$Y$1846,"Win")/B28,0) -> 0.7191358 | D28: =SUMIFS(Trades!$W$2:$W$1846,Trades!$D$2:$D$1846,$A28) -> 1068.03 | E28: =IFERROR(D28/B28,0) -> 3.2963889 | F28: =IFERROR(AVERAGEIFS(Trades!$X$2:$X$1846,Trades!$D$2:$D$1846,$A28),0) -> 0.094984568
A29: Tue | B29: =COUNTIFS(Trades!$D$2:$D$1846,$A29) -> 374 | C29: =IFERROR(COUNTIFS(Trades!$D$2:$D$1846,$A29,Trades!$Y$2:$Y$1846,"Win")/B29,0) -> 0.72994652 | D29: =SUMIFS(Trades!$W$2:$W$1846,Trades!$D$2:$D$1846,$A29) -> 268.96 | E29: =IFERROR(D29/B29,0) -> 0.71914439 | F29: =IFERROR(AVERAGEIFS(Trades!$X$2:$X$1846,Trades!$D$2:$D$1846,$A29),0) -> 0.03092246
A30: Wed | B30: =COUNTIFS(Trades!$D$2:$D$1846,$A30) -> 385 | C30: =IFERROR(COUNTIFS(Trades!$D$2:$D$1846,$A30,Trades!$Y$2:$Y$1846,"Win")/B30,0) -> 0.6961039 | D30: =SUMIFS(Trades!$W$2:$W$1846,Trades!$D$2:$D$1846,$A30) -> -1470.61 | E30: =IFERROR(D30/B30,0) -> -3.8197662 | F30: =IFERROR(AVERAGEIFS(Trades!$X$2:$X$1846,Trades!$D$2:$D$1846,$A30),0) -> -0.10136797
A31: Thu | B31: =COUNTIFS(Trades!$D$2:$D$1846,$A31) -> 386 | C31: =IFERROR(COUNTIFS(Trades!$D$2:$D$1846,$A31,Trades!$Y$2:$Y$1846,"Win")/B31,0) -> 0.69170984 | D31: =SUMIFS(Trades!$W$2:$W$1846,Trades!$D$2:$D$1846,$A31) -> -581.98 | E31: =IFERROR(D31/B31,0) -> -1.5077202 | F31: =IFERROR(AVERAGEIFS(Trades!$X$2:$X$1846,Trades!$D$2:$D$1846,$A31),0) -> -0.036765976
A32: Fri | B32: =COUNTIFS(Trades!$D$2:$D$1846,$A32) -> 376 | C32: =IFERROR(COUNTIFS(Trades!$D$2:$D$1846,$A32,Trades!$Y$2:$Y$1846,"Win")/B32,0) -> 0.71808511 | D32: =SUMIFS(Trades!$W$2:$W$1846,Trades!$D$2:$D$1846,$A32) -> 528.04 | E32: =IFERROR(D32/B32,0) -> 1.4043617 | F32: =IFERROR(AVERAGEIFS(Trades!$X$2:$X$1846,Trades!$D$2:$D$1846,$A32),0) -> 0.052309397
A33: Total | B33: =SUM(B28:B32) -> 1845 | D33: =SUM(D28:D32) -> -187.56
A35: By entry hour (server time) | G35: Server hour of entry. On a UTC+2/+3 broker: 01-09 = Asian session, 10-18 = London, 15-23 = New York.
A36: entry hour | B36: Trades | C36: Win rate | D36: Net profit | E36: Avg per trade | F36: Avg R
A37: 0 | B37: =COUNTIFS(Trades!$E$2:$E$1846,$A37) -> 0 | C37: =IFERROR(COUNTIFS(Trades!$E$2:$E$1846,$A37,Trades!$Y$2:$Y$1846,"Win")/B37,0) -> 0 | D37: =SUMIFS(Trades!$W$2:$W$1846,Trades!$E$2:$E$1846,$A37) -> 0 | E37: =IFERROR(D37/B37,0) -> 0 | F37: =IFERROR(AVERAGEIFS(Trades!$X$2:$X$1846,Trades!$E$2:$E$1846,$A37),0) -> 0
A38: 1 | B38: =COUNTIFS(Trades!$E$2:$E$1846,$A38) -> 43 | C38: =IFERROR(COUNTIFS(Trades!$E$2:$E$1846,$A38,Trades!$Y$2:$Y$1846,"Win")/B38,0) -> 0.79069767 | D38: =SUMIFS(Trades!$W$2:$W$1846,Trades!$E$2:$E$1846,$A38) -> 143.76 | E38: =IFERROR(D38/B38,0) -> 3.3432558 | F38: =IFERROR(AVERAGEIFS(Trades!$X$2:$X$1846,Trades!$E$2:$E$1846,$A38),0) -> 0.088953488
A39: 2 | B39: =COUNTIFS(Trades!$E$2:$E$1846,$A39) -> 77 | C39: =IFERROR(COUNTIFS(Trades!$E$2:$E$1846,$A39,Trades!$Y$2:$Y$1846,"Win")/B39,0) -> 0.68831169 | D39: =SUMIFS(Trades!$W$2:$W$1846,Trades!$E$2:$E$1846,$A39) -> 157.26 | E39: =IFERROR(D39/B39,0) -> 2.0423377 | F39: =IFERROR(AVERAGEIFS(Trades!$X$2:$X$1846,Trades!$E$2:$E$1846,$A39),0) -> 0.092727273
A40: 3 | B40: =COUNTIFS(Trades!$E$2:$E$1846,$A40) -> 92 | C40: =IFERROR(COUNTIFS(Trades!$E$2:$E$1846,$A40,Trades!$Y$2:$Y$1846,"Win")/B40,0) -> 0.72826087 | D40: =SUMIFS(Trades!$W$2:$W$1846,Trades!$E$2:$E$1846,$A40) -> 568.14 | E40: =IFERROR(D40/B40,0) -> 6.1754348 | F40: =IFERROR(AVERAGEIFS(Trades!$X$2:$X$1846,Trades!$E$2:$E$1846,$A40),0) -> 0.15856884
A41: 4 | B41: =COUNTIFS(Trades!$E$2:$E$1846,$A41) -> 79 | C41: =IFERROR(COUNTIFS(Trades!$E$2:$E$1846,$A41,Trades!$Y$2:$Y$1846,"Win")/B41,0) -> 0.69620253 | D41: =SUMIFS(Trades!$W$2:$W$1846,Trades!$E$2:$E$1846,$A41) -> -3.24 | E41: =IFERROR(D41/B41,0) -> -0.041012658 | F41: =IFERROR(AVERAGEIFS(Trades!$X$2:$X$1846,Trades!$E$2:$E$1846,$A41),0) -> 0.053924051
A42: 5 | B42: =COUNTIFS(Trades!$E$2:$E$1846,$A42) -> 51 | C42: =IFERROR(COUNTIFS(Trades!$E$2:$E$1846,$A42,Trades!$Y$2:$Y$1846,"Win")/B42,0) -> 0.76470588 | D42: =SUMIFS(Trades!$W$2:$W$1846,Trades!$E$2:$E$1846,$A42) -> 215.84 | E42: =IFERROR(D42/B42,0) -> 4.2321569 | F42: =IFERROR(AVERAGEIFS(Trades!$X$2:$X$1846,Trades!$E$2:$E$1846,$A42),0) -> 0.10643791
A43: 6 | B43: =COUNTIFS(Trades!$E$2:$E$1846,$A43) -> 28 | C43: =IFERROR(COUNTIFS(Trades!$E$2:$E$1846,$A43,Trades!$Y$2:$Y$1846,"Win")/B43,0) -> 0.64285714 | D43: =SUMIFS(Trades!$W$2:$W$1846,Trades!$E$2:$E$1846,$A43) -> -32.92 | E43: =IFERROR(D43/B43,0) -> -1.1757143 | F43: =IFERROR(AVERAGEIFS(Trades!$X$2:$X$1846,Trades!$E$2:$E$1846,$A43),0) -> -0.045059524
A44: 7 | B44: =COUNTIFS(Trades!$E$2:$E$1846,$A44) -> 31 | C44: =IFERROR(COUNTIFS(Trades!$E$2:$E$1846,$A44,Trades!$Y$2:$Y$1846,"Win")/B44,0) -> 0.70967742 | D44: =SUMIFS(Trades!$W$2:$W$1846,Trades!$E$2:$E$1846,$A44) -> -157.96 | E44: =IFERROR(D44/B44,0) -> -5.0954839 | F44: =IFERROR(AVERAGEIFS(Trades!$X$2:$X$1846,Trades!$E$2:$E$1846,$A44),0) -> -0.12295699
A45: 8 | B45: =COUNTIFS(Trades!$E$2:$E$1846,$A45) -> 40 | C45: =IFERROR(COUNTIFS(Trades!$E$2:$E$1846,$A45,Trades!$Y$2:$Y$1846,"Win")/B45,0) -> 0.8 | D45: =SUMIFS(Trades!$W$2:$W$1846,Trades!$E$2:$E$1846,$A45) -> 521.77 | E45: =IFERROR(D45/B45,0) -> 13.04425 | F45: =IFERROR(AVERAGEIFS(Trades!$X$2:$X$1846,Trades!$E$2:$E$1846,$A45),0) -> 0.39416667
A46: 9 | B46: =COUNTIFS(Trades!$E$2:$E$1846,$A46) -> 804 | C46: =IFERROR(COUNTIFS(Trades!$E$2:$E$1846,$A46,Trades!$Y$2:$Y$1846,"Win")/B46,0) -> 0.7039801 | D46: =SUMIFS(Trades!$W$2:$W$1846,Trades!$E$2:$E$1846,$A46) -> -1474.29 | E46: =IFERROR(D46/B46,0) -> -1.833694 | F46: =IFERROR(AVERAGEIFS(Trades!$X$2:$X$1846,Trades!$E$2:$E$1846,$A46),0) -> -0.045339967
A47: 10 | B47: =COUNTIFS(Trades!$E$2:$E$1846,$A47) -> 136 | C47: =IFERROR(COUNTIFS(Trades!$E$2:$E$1846,$A47,Trades!$Y$2:$Y$1846,"Win")/B47,0) -> 0.69117647 | D47: =SUMIFS(Trades!$W$2:$W$1846,Trades!$E$2:$E$1846,$A47) -> -162.11 | E47: =IFERROR(D47/B47,0) -> -1.1919853 | F47: =IFERROR(AVERAGEIFS(Trades!$X$2:$X$1846,Trades!$E$2:$E$1846,$A47),0) -> -0.020919118
A48: 11 | B48: =COUNTIFS(Trades!$E$2:$E$1846,$A48) -> 69 | C48: =IFERROR(COUNTIFS(Trades!$E$2:$E$1846,$A48,Trades!$Y$2:$Y$1846,"Win")/B48,0) -> 0.76811594 | D48: =SUMIFS(Trades!$W$2:$W$1846,Trades!$E$2:$E$1846,$A48) -> 391.39 | E48: =IFERROR(D48/B48,0) -> 5.6723188 | F48: =IFERROR(AVERAGEIFS(Trades!$X$2:$X$1846,Trades!$E$2:$E$1846,$A48),0) -> 0.1578744
... A60: 23 | B60: =COUNTIFS(Trades!$E$2:$E$1846,$A60) -> 0 | C60: =IFERROR(COUNTIFS(Trades!$E$2:$E$1846,$A60,Trades!$Y$2:$Y$1846,"Win")/B60,0) -> 0 | D60: =SUMIFS(Trades!$W$2:$W$1846,Trades!$E$2:$E$1846,$A60) -> 0 | E60: =IFERROR(D60/B60,0) -> 0 | F60: =IFERROR(AVERAGEIFS(Trades!$X$2:$X$1846,Trades!$E$2:$E$1846,$A60),0) -> 0
A61: Total | B61: =SUM(B37:B60) -> 1845 | D61: =SUM(D37:D60) -> -187.56

Sheet Trades
A1: # | B1: Month | C1: Entry time (server) | D1: Weekday | E1: Entry hour | F1: Side | G1: Setup | H1: Lots | I1: Order price (planned entry) | J1: Filled entry | K1: Entry slippage $ | L1: Initial SL | M1: SL distance $ | N1: Planned risk $ | O1: Exit time | P1: Hold (sec) | Q1: Hold bucket | R1: Stop level hit | S1: Exit price | T1: Exit reason | U1: Exit slippage $ | V1: Price move $ | W1: Profit $ | X1: R multiple | Y1: Result | Z1: Balance after | AA1: Peak balance | AB1: Drawdown $ | AC1: Drawdown % | AD1: What happened
A2: 1 | B2: 2022-04 | C2: 44652.379 | D2: Fri | E2: 9 | F2: BUY | G2: RANGE_B | H2: 0.08 | I2: 1939.36 | J2: 1939.36 | K2: =IF(F2="BUY",J2-I2,I2-J2) -> 0 | L2: 1933.36 | M2: =ABS(I2-L2) -> 6 | N2: =M2*H2*Summary!$C$6 -> 48 | O2: 44652.403 | P2: =ROUND((O2-C2)*86400,0) -> 2078 | Q2: =IF(P2<10,"a) <10s",IF(P2<60,"b) 10-60s",IF(P2<600,"c) 1-10min","d) >10min"))) -> d) >10min | R2: 1933.36 | S2: 1933.34 | T2: Initial stop loss | U2: =IF(R2="","",IF(F2="BUY",R2-S2,S2-R2)) -> 0.02 | V2: =IF(F2="BUY",S2-J2,J2-S2) -> -6.02 | W2: -48.16 | X2: =IFERROR(W2/N2,0) -> -1.0033333 | Y2: =IF(W2>0,"Win",IF(W2<0,"Loss","Flat")) -> Loss | Z2: =Summary!$C$5+SUM(W$2:W2) -> 4951.84 | AA2: =MAX(Summary!$C$5,Z2) -> 5000 | AB2: =AA2-Z2 -> 48.16 | AC2: =IFERROR(AB2/AA2,0) -> 0.009632 | AD2: BUY STOP at 1939.36 filled at 1939.360 ($0.00 better). SL $6.00 away = $48 risk. Price went against it; stopped at 1933.340 after 34m38s: -$48.16 (-1.00R).
A3: 2 | B3: 2022-04 | C3: 44652.732 | D3: Fri | E3: 17 | F3: SELL | G3: PDH_S | H3: 0.08 | I3: 1918.99 | J3: 1918.89 | K3: =IF(F3="BUY",J3-I3,I3-J3) -> 0.1 | L3: 1924.99 | M3: =ABS(I3-L3) -> 6 | N3: =M3*H3*Summary!$C$6 -> 48 | O3: 44652.739 | P3: =ROUND((O3-C3)*86400,0) -> 611 | Q3: =IF(P3<10,"a) <10s",IF(P3<60,"b) 10-60s",IF(P3<600,"c) 1-10min","d) >10min"))) -> d) >10min | R3: 1924.99 | S3: 1925.09 | T3: Initial stop loss | U3: =IF(R3="","",IF(F3="BUY",R3-S3,S3-R3)) -> 0.1 | V3: =IF(F3="BUY",S3-J3,J3-S3) -> -6.2 | W3: -49.6 | X3: =IFERROR(W3/N3,0) -> -1.0333333 | Y3: =IF(W3>0,"Win",IF(W3<0,"Loss","Flat")) -> Loss | Z3: =Summary!$C$5+SUM(W$2:W3) -> 4902.24 | AA3: =MAX(AA2,Z3) -> 5000 | AB3: =AA3-Z3 -> 97.76 | AC3: =IFERROR(AB3/AA3,0) -> 0.019552 | AD3: SELL STOP at 1918.99 filled at 1918.890 ($0.10 worse). SL $6.00 away = $48 risk. Price went against it; stopped at 1925.090 after 10m11s: -$49.60 (-1.03R).
A4: 3 | B4: 2022-04 | C4: 44655.301 | D4: Mon | E4: 7 | F4: SELL | G4: PDH_S | H4: 0.08 | I4: 1917.91 | J4: 1917.88 | K4: =IF(F4="BUY",J4-I4,I4-J4) -> 0.03 | L4: 1923.91 | M4: =ABS(I4-L4) -> 6 | N4: =M4*H4*Summary!$C$6 -> 48 | O4: 44655.312 | P4: =ROUND((O4-C4)*86400,0) -> 900 | Q4: =IF(P4<10,"a) <10s",IF(P4<60,"b) 10-60s",IF(P4<600,"c) 1-10min","d) >10min"))) -> d) >10min | R4: 1917.38 | S4: 1917.4 | T4: Breakeven/trailing stop | U4: =IF(R4="","",IF(F4="BUY",R4-S4,S4-R4)) -> 0.02 | V4: =IF(F4="BUY",S4-J4,J4-S4) -> 0.48 | W4: 3.84 | X4: =IFERROR(W4/N4,0) -> 0.08 | Y4: =IF(W4>0,"Win",IF(W4<0,"Loss","Flat")) -> Win | Z4: =Summary!$C$5+SUM(W$2:W4) -> 4906.08 | AA4: =MAX(AA3,Z4) -> 5000 | AB4: =AA4-Z4 -> 93.92 | AC4: =IFERROR(AB4/AA4,0) -> 0.018784 | AD4: SELL STOP at 1917.91 filled at 1917.880 ($0.03 worse). SL $6.00 away = $48 risk. Closed by the EA itself (account guard / blackout / instant close) at 1917.400 after 15m00s: +$3.84 (+0.08R).
A5: 4 | B5: 2022-04 | C5: 44655.39 | D5: Mon | E5: 9 | F5: BUY | G5: RANGE_B | H5: 0.08 | I5: 1921.11 | J5: 1921.11 | K5: =IF(F5="BUY",J5-I5,I5-J5) -> 0 | L5: 1915.11 | M5: =ABS(I5-L5) -> 6 | N5: =M5*H5*Summary!$C$6 -> 48 | O5: 44655.927 | P5: =ROUND((O5-C5)*86400,0) -> 46404 | Q5: =IF(P5<10,"a) <10s",IF(P5<60,"b) 10-60s",IF(P5<600,"c) 1-10min","d) >10min"))) -> d) >10min | S5: 1931.71 | T5: Closed by EA (no SL) | U5: =IF(R5="","",IF(F5="BUY",R5-S5,S5-R5)) | V5: =IF(F5="BUY",S5-J5,J5-S5) -> 10.6 | W5: 84.8 | X5: =IFERROR(W5/N5,0) -> 1.7666667 | Y5: =IF(W5>0,"Win",IF(W5<0,"Loss","Flat")) -> Win | Z5: =Summary!$C$5+SUM(W$2:W5) -> 4990.88 | AA5: =MAX(AA4,Z5) -> 5000 | AB5: =AA5-Z5 -> 9.12 | AC5: =IFERROR(AB5/AA5,0) -> 0.001824 | AD5: BUY STOP at 1921.11 filled at 1921.110 ($0.00 better). SL $6.00 away = $48 risk. Closed by the EA itself (account guard / blackout / instant close) at 1931.710 after 12h53m: +$84.80 (+1.77R).
A6: 5 | B6: 2022-04 | C6: 44656.457 | D6: Tue | E6: 10 | F6: SELL | G6: RANGE_S | H6: 0.08 | I6: 1926.41 | J6: 1926.41 | K6: =IF(F6="BUY",J6-I6,I6-J6) -> 0 | L6: 1932.41 | M6: =ABS(I6-L6) -> 6 | N6: =M6*H6*Summary!$C$6 -> 48 | O6: 44656.501 | P6: =ROUND((O6-C6)*86400,0) -> 3831 | Q6: =IF(P6<10,"a) <10s",IF(P6<60,"b) 10-60s",IF(P6<600,"c) 1-10min","d) >10min"))) -> d) >10min | R6: 1932.41 | S6: 1932.41 | T6: Initial stop loss | U6: =IF(R6="","",IF(F6="BUY",R6-S6,S6-R6)) -> 0 | V6: =IF(F6="BUY",S6-J6,J6-S6) -> -6 | W6: -48 | X6: =IFERROR(W6/N6,0) -> -1 | Y6: =IF(W6>0,"Win",IF(W6<0,"Loss","Flat")) -> Loss | Z6: =Summary!$C$5+SUM(W$2:W6) -> 4942.88 | AA6: =MAX(AA5,Z6) -> 5000 | AB6: =AA6-Z6 -> 57.12 | AC6: =IFERROR(AB6/AA6,0) -> 0.011424 | AD6: SELL STOP at 1926.41 filled at 1926.410 ($0.00 better). SL $6.00 away = $48 risk. Price went against it; stopped at 1932.410 after 1h03m: -$48.00 (-1.00R).
A7: 6 | B7: 2022-04 | C7: 44656.671 | D7: Tue | E7: 16 | F7: BUY | G7: PDH_B | H7: 0.08 | I7: 1936.88 | J7: 1936.88 | K7: =IF(F7="BUY",J7-I7,I7-J7) -> 0 | L7: 1930.88 | M7: =ABS(I7-L7) -> 6 | N7: =M7*H7*Summary!$C$6 -> 48 | O7: 44656.687 | P7: =ROUND((O7-C7)*86400,0) -> 1403 | Q7: =IF(P7<10,"a) <10s",IF(P7<60,"b) 10-60s",IF(P7<600,"c) 1-10min","d) >10min"))) -> d) >10min | R7: 1937.38 | S7: 1937.36 | T7: Breakeven/trailing stop | U7: =IF(R7="","",IF(F7="BUY",R7-S7,S7-R7)) -> 0.02 | V7: =IF(F7="BUY",S7-J7,J7-S7) -> 0.48 | W7: 3.84 | X7: =IFERROR(W7/N7,0) -> 0.08 | Y7: =IF(W7>0,"Win",IF(W7<0,"Loss","Flat")) -> Win | Z7: =Summary!$C$5+SUM(W$2:W7) -> 4946.72 | AA7: =MAX(AA6,Z7) -> 5000 | AB7: =AA7-Z7 -> 53.28 | AC7: =IFERROR(AB7/AA7,0) -> 0.010656 | AD7: BUY STOP at 1936.88 filled at 1936.880 ($0.00 better). SL $6.00 away = $48 risk. Closed by the EA itself (account guard / blackout / instant close) at 1937.360 after 23m23s: +$3.84 (+0.08R).
A8: 7 | B8: 2022-04 | C8: 44657.164 | D8: Wed | E8: 3 | F8: SELL | G8: PDH_S | H8: 0.08 | I8: 1917.84 | J8: 1917.58 | K8: =IF(F8="BUY",J8-I8,I8-J8) -> 0.26 | L8: 1923.84 | M8: =ABS(I8-L8) -> 6 | N8: =M8*H8*Summary!$C$6 -> 48 | O8: 44657.185 | P8: =ROUND((O8-C8)*86400,0) -> 1766 | Q8: =IF(P8<10,"a) <10s",IF(P8<60,"b) 10-60s",IF(P8<600,"c) 1-10min","d) >10min"))) -> d) >10min | R8: 1923.84 | S8: 1923.85 | T8: Initial stop loss | U8: =IF(R8="","",IF(F8="BUY",R8-S8,S8-R8)) -> 0.01 | V8: =IF(F8="BUY",S8-J8,J8-S8) -> -6.27 | W8: -50.16 | X8: =IFERROR(W8/N8,0) -> -1.045 | Y8: =IF(W8>0,"Win",IF(W8<0,"Loss","Flat")) -> Loss | Z8: =Summary!$C$5+SUM(W$2:W8) -> 4896.56 | AA8: =MAX(AA7,Z8) -> 5000 | AB8: =AA8-Z8 -> 103.44 | AC8: =IFERROR(AB8/AA8,0) -> 0.020688 | AD8: SELL STOP at 1917.84 filled at 1917.580 ($0.26 worse). SL $6.00 away = $48 risk. Price went against it; stopped at 1923.850 after 29m26s: -$50.16 (-1.04R).
A9: 8 | B9: 2022-04 | C9: 44657.376 | D9: Wed | E9: 9 | F9: SELL | G9: RANGE_S | H9: 0.08 | I9: 1920.41 | J9: 1920.41 | K9: =IF(F9="BUY",J9-I9,I9-J9) -> 0 | L9: 1926.41 | M9: =ABS(I9-L9) -> 6 | N9: =M9*H9*Summary!$C$6 -> 48 | O9: 44657.417 | P9: =ROUND((O9-C9)*86400,0) -> 3509 | Q9: =IF(P9<10,"a) <10s",IF(P9<60,"b) 10-60s",IF(P9<600,"c) 1-10min","d) >10min"))) -> d) >10min | R9: 1919.91 | S9: 1919.95 | T9: Breakeven/trailing stop | U9: =IF(R9="","",IF(F9="BUY",R9-S9,S9-R9)) -> 0.04 | V9: =IF(F9="BUY",S9-J9,J9-S9) -> 0.46 | W9: 3.68 | X9: =IFERROR(W9/N9,0) -> 0.076666667 | Y9: =IF(W9>0,"Win",IF(W9<0,"Loss","Flat")) -> Win | Z9: =Summary!$C$5+SUM(W$2:W9) -> 4900.24 | AA9: =MAX(AA8,Z9) -> 5000 | AB9: =AA9-Z9 -> 99.76 | AC9: =IFERROR(AB9/AA9,0) -> 0.019952 | AD9: SELL STOP at 1920.41 filled at 1920.410 ($0.00 better). SL $6.00 away = $48 risk. Closed by the EA itself (account guard / blackout / instant close) at 1919.950 after 58m29s: +$3.68 (+0.08R).
A10: 9 | B10: 2022-04 | C10: 44658.376 | D10: Thu | E10: 9 | F10: BUY | G10: RANGE_B | H10: 0.08 | I10: 1923.82 | J10: 1923.82 | K10: =IF(F10="BUY",J10-I10,I10-J10) -> 0 | L10: 1917.82 | M10: =ABS(I10-L10) -> 6 | N10: =M10*H10*Summary!$C$6 -> 48 | O10: 44658.445 | P10: =ROUND((O10-C10)*86400,0) -> 5989 | Q10: =IF(P10<10,"a) <10s",IF(P10<60,"b) 10-60s",IF(P10<600,"c) 1-10min","d) >10min"))) -> d) >10min | R10: 1924.32 | S10: 1924.22 | T10: Breakeven/trailing stop | U10: =IF(R10="","",IF(F10="BUY",R10-S10,S10-R10)) -> 0.1 | V10: =IF(F10="BUY",S10-J10,J10-S10) -> 0.4 | W10: 3.2 | X10: =IFERROR(W10/N10,0) -> 0.066666667 | Y10: =IF(W10>0,"Win",IF(W10<0,"Loss","Flat")) -> Win | Z10: =Summary!$C$5+SUM(W$2:W10) -> 4903.44 | AA10: =MAX(AA9,Z10) -> 5000 | AB10: =AA10-Z10 -> 96.56 | AC10: =IFERROR(AB10/AA10,0) -> 0.019312 | AD10: BUY STOP at 1923.82 filled at 1923.820 ($0.00 better). SL $6.00 away = $48 risk. Closed by the EA itself (account guard / blackout / instant close) at 1924.220 after 1h39m: +$3.20 (+0.07R).
A11: 10 | B11: 2022-04 | C11: 44658.631 | D11: Thu | E11: 15 | F11: BUY | G11: PDH_B | H11: 0.08 | I11: 1933.35 | J11: 1933.91 | K11: =IF(F11="BUY",J11-I11,I11-J11) -> 0.56 | L11: 1927.35 | M11: =ABS(I11-L11) -> 6 | N11: =M11*H11*Summary!$C$6 -> 48 | O11: 44658.646 | P11: =ROUND((O11-C11)*86400,0) -> 1325 | Q11: =IF(P11<10,"a) <10s",IF(P11<60,"b) 10-60s",IF(P11<600,"c) 1-10min","d) >10min"))) -> d) >10min | R11: 1927.35 | S11: 1927.15 | T11: Initial stop loss | U11: =IF(R11="","",IF(F11="BUY",R11-S11,S11-R11)) -> 0.2 | V11: =IF(F11="BUY",S11-J11,J11-S11) -> -6.76 | W11: -54.08 | X11: =IFERROR(W11/N11,0) -> -1.1266667 | Y11: =IF(W11>0,"Win",IF(W11<0,"Loss","Flat")) -> Loss | Z11: =Summary!$C$5+SUM(W$2:W11) -> 4849.36 | AA11: =MAX(AA10,Z11) -> 5000 | AB11: =AA11-Z11 -> 150.64 | AC11: =IFERROR(AB11/AA11,0) -> 0.030128 | AD11: BUY STOP at 1933.35 filled at 1933.910 ($0.56 worse). SL $6.00 away = $48 risk. Price went against it; stopped at 1927.150 after 22m05s: -$54.08 (-1.13R).
A12: 11 | B12: 2022-04 | C12: 44659.377 | D12: Fri | E12: 9 | F12: BUY | G12: RANGE_B | H12: 0.08 | I12: 1932.27 | J12: 1932.28 | K12: =IF(F12="BUY",J12-I12,I12-J12) -> 0.01 | L12: 1926.27 | M12: =ABS(I12-L12) -> 6 | N12: =M12*H12*Summary!$C$6 -> 48 | O12: 44659.586 | P12: =ROUND((O12-C12)*86400,0) -> 18063 | Q12: =IF(P12<10,"a) <10s",IF(P12<60,"b) 10-60s",IF(P12<600,"c) 1-10min","d) >10min"))) -> d) >10min | R12: 1932.78 | S12: 1932.77 | T12: Breakeven/trailing stop | U12: =IF(R12="","",IF(F12="BUY",R12-S12,S12-R12)) -> 0.01 | V12: =IF(F12="BUY",S12-J12,J12-S12) -> 0.49 | W12: 3.92 | X12: =IFERROR(W12/N12,0) -> 0.081666667 | Y12: =IF(W12>0,"Win",IF(W12<0,"Loss","Flat")) -> Win | Z12: =Summary!$C$5+SUM(W$2:W12) -> 4853.28 | AA12: =MAX(AA11,Z12) -> 5000 | AB12: =AA12-Z12 -> 146.72 | AC12: =IFERROR(AB12/AA12,0) -> 0.029344 | AD12: BUY STOP at 1932.27 filled at 1932.280 ($0.01 worse). SL $6.00 away = $48 risk. Closed by the EA itself (account guard / blackout / instant close) at 1932.770 after 5h01m: +$3.92 (+0.08R).
A13: 12 | B13: 2022-04 | C13: 44659.635 | D13: Fri | E13: 15 | F13: BUY | G13: PDH_B | H13: 0.08 | I13: 1937.71 | J13: 1938.01 | K13: =IF(F13="BUY",J13-I13,I13-J13) -> 0.3 | L13: 1931.71 | M13: =ABS(I13-L13) -> 6 | N13: =M13*H13*Summary!$C$6 -> 48 | O13: 44659.649 | P13: =ROUND((O13-C13)*86400,0) -> 1223 | Q13: =IF(P13<10,"a) <10s",IF(P13<60,"b) 10-60s",IF(P13<600,"c) 1-10min","d) >10min"))) -> d) >10min | R13: 1931.71 | S13: 1931.63 | T13: Initial stop loss | U13: =IF(R13="","",IF(F13="BUY",R13-S13,S13-R13)) -> 0.08 | V13: =IF(F13="BUY",S13-J13,J13-S13) -> -6.38 | W13: -51.04 | X13: =IFERROR(W13/N13,0) -> -1.0633333 | Y13: =IF(W13>0,"Win",IF(W13<0,"Loss","Flat")) -> Loss | Z13: =Summary!$C$5+SUM(W$2:W13) -> 4802.24 | AA13: =MAX(AA12,Z13) -> 5000 | AB13: =AA13-Z13 -> 197.76 | AC13: =IFERROR(AB13/AA13,0) -> 0.039552 | AD13: BUY STOP at 1937.71 filled at 1938.010 ($0.30 worse). SL $6.00 away = $48 risk. Price went against it; stopped at 1931.630 after 20m23s: -$51.04 (-1.06R).
A14: 13 | B14: 2022-04 | C14: 44663.423 | D14: Tue | E14: 10 | F14: SELL | G14: RANGE_S | H14: 0.08 | I14: 1955.61 | J14: 1955.61 | K14: =IF(F14="BUY",J14-I14,I14-J14) -> 0 | L14: 1961.61 | M14: =ABS(I14-L14) -> 6 | N14: =M14*H14*Summary!$C$6 -> 48 | O14: 44663.462 | P14: =ROUND((O14-C14)*86400,0) -> 3426 | Q14: =IF(P14<10,"a) <10s",IF(P14<60,"b) 10-60s",IF(P14<600,"c) 1-10min","d) >10min"))) -> d) >10min | R14: 1955.11 | S14: 1955.11 | T14: Breakeven/trailing stop | U14: =IF(R14="","",IF(F14="BUY",R14-S14,S14-R14)) -> 0 | V14: =IF(F14="BUY",S14-J14,J14-S14) -> 0.5 | W14: 4 | X14: =IFERROR(W14/N14,0) -> 0.083333333 | Y14: =IF(W14>0,"Win",IF(W14<0,"Loss","Flat")) -> Win | Z14: =Summary!$C$5+SUM(W$2:W14) -> 4806.24 | AA14: =MAX(AA13,Z14) -> 5000 | AB14: =AA14-Z14 -> 193.76 | AC14: =IFERROR(AB14/AA14,0) -> 0.038752 | AD14: SELL STOP at 1955.61 filled at 1955.610 ($0.00 better). SL $6.00 away = $48 risk. Closed by the EA itself (account guard / blackout / instant close) at 1955.110 after 57m06s: +$4.00 (+0.08R).
A15: 14 | B15: 2022-04 | C15: 44663.663 | D15: Tue | E15: 15 | F15: BUY | G15: PDH_B | H15: 0.08 | I15: 1969.56 | J15: 1969.72 | K15: =IF(F15="BUY",J15-I15,I15-J15) -> 0.16 | L15: 1963.56 | M15: =ABS(I15-L15) -> 6 | N15: =M15*H15*Summary!$C$6 -> 48 | O15: 44663.664 | P15: =ROUND((O15-C15)*86400,0) -> 89 | Q15: =IF(P15<10,"a) <10s",IF(P15<60,"b) 10-60s",IF(P15<600,"c) 1-10min","d) >10min"))) -> c) 1-10min | R15: 1970.22 | S15: 1970.2 | T15: Breakeven/trailing stop | U15: =IF(R15="","",IF(F15="BUY",R15-S15,S15-R15)) -> 0.02 | V15: =IF(F15="BUY",S15-J15,J15-S15) -> 0.48 | W15: 3.84 | X15: =IFERROR(W15/N15,0) -> 0.08 | Y15: =IF(W15>0,"Win",IF(W15<0,"Loss","Flat")) -> Win | Z15: =Summary!$C$5+SUM(W$2:W15) -> 4810.08 | AA15: =MAX(AA14,Z15) -> 5000 | AB15: =AA15-Z15 -> 189.92 | AC15: =IFERROR(AB15/AA15,0) -> 0.037984 | AD15: BUY STOP at 1969.56 filled at 1969.720 ($0.16 worse). SL $6.00 away = $48 risk. Closed by the EA itself (account guard / blackout / instant close) at 1970.200 after 1m29s: +$3.84 (+0.08R).
A16: 15 | B16: 2022-04 | C16: 44664.394 | D16: Wed | E16: 9 | F16: SELL | G16: RANGE_S | H16: 0.08 | I16: 1967.61 | J16: 1967.61 | K16: =IF(F16="BUY",J16-I16,I16-J16) -> 0 | L16: 1973.61 | M16: =ABS(I16-L16) -> 6 | N16: =M16*H16*Summary!$C$6 -> 48 | O16: 44664.47 | P16: =ROUND((O16-C16)*86400,0) -> 6592 | Q16: =IF(P16<10,"a) <10s",IF(P16<60,"b) 10-60s",IF(P16<600,"c) 1-10min","d) >10min"))) -> d) >10min | R16: 1973.61 | S16: 1973.62 | T16: Initial stop loss | U16: =IF(R16="","",IF(F16="BUY",R16-S16,S16-R16)) -> 0.01 | V16: =IF(F16="BUY",S16-J16,J16-S16) -> -6.01 | W16: -48.08 | X16: =IFERROR(W16/N16,0) -> -1.0016667 | Y16: =IF(W16>0,"Win",IF(W16<0,"Loss","Flat")) -> Loss | Z16: =Summary!$C$5+SUM(W$2:W16) -> 4762 | AA16: =MAX(AA15,Z16) -> 5000 | AB16: =AA16-Z16 -> 238 | AC16: =IFERROR(AB16/AA16,0) -> 0.0476 | AD16: SELL STOP at 1967.61 filled at 1967.610 ($0.00 better). SL $6.00 away = $48 risk. Price went against it; stopped at 1973.620 after 1h49m: -$48.08 (-1.00R).
A17: 16 | B17: 2022-04 | C17: 44664.532 | D17: Wed | E17: 12 | F17: BUY | G17: PDH_B | H17: 0.07 | I17: 1978.51 | J17: 1978.86 | K17: =IF(F17="BUY",J17-I17,I17-J17) -> 0.35 | L17: 1972.51 | M17: =ABS(I17-L17) -> 6 | N17: =M17*H17*Summary!$C$6 -> 42 | O17: 44664.643 | P17: =ROUND((O17-C17)*86400,0) -> 9594 | Q17: =IF(P17<10,"a) <10s",IF(P17<60,"b) 10-60s",IF(P17<600,"c) 1-10min","d) >10min"))) -> d) >10min | R17: 1972.51 | S17: 1972.41 | T17: Initial stop loss | U17: =IF(R17="","",IF(F17="BUY",R17-S17,S17-R17)) -> 0.1 | V17: =IF(F17="BUY",S17-J17,J17-S17) -> -6.45 | W17: -45.15 | X17: =IFERROR(W17/N17,0) -> -1.075 | Y17: =IF(W17>0,"Win",IF(W17<0,"Loss","Flat")) -> Loss | Z17: =Summary!$C$5+SUM(W$2:W17) -> 4716.85 | AA17: =MAX(AA16,Z17) -> 5000 | AB17: =AA17-Z17 -> 283.15 | AC17: =IFERROR(AB17/AA17,0) -> 0.05663 | AD17: BUY STOP at 1978.51 filled at 1978.860 ($0.35 worse). SL $6.00 away = $42 risk. Price went against it; stopped at 1972.410 after 2h39m: -$45.15 (-1.07R).
... A21: 20 | B21: 2022-04 | C21: 44670.434 | D21: Tue | E21: 10 | F21: BUY | G21: RANGE_B | H21: 0.07 | I21: 1978.65 | J21: 1978.73 | K21: =IF(F21="BUY",J21-I21,I21-J21) -> 0.08 | L21: 1972.65 | M21: =ABS(I21-L21) -> 6 | N21: =M21*H21*Summary!$C$6 -> 42 | O21: 44670.485 | P21: =ROUND((O21-C21)*86400,0) -> 4449 | Q21: =IF(P21<10,"a) <10s",IF(P21<60,"b) 10-60s",IF(P21<600,"c) 1-10min","d) >10min"))) -> d) >10min | R21: 1979.23 | S21: 1979.21 | T21: Breakeven/trailing stop | U21: =IF(R21="","",IF(F21="BUY",R21-S21,S21-R21)) -> 0.02 | V21: =IF(F21="BUY",S21-J21,J21-S21) -> 0.48 | W21: 3.36 | X21: =IFERROR(W21/N21,0) -> 0.08 | Y21: =IF(W21>0,"Win",IF(W21<0,"Loss","Flat")) -> Win | Z21: =Summary!$C$5+SUM(W$2:W21) -> 4637.68 | AA21: =MAX(AA20,Z21) -> 5000 | AB21: =AA21-Z21 -> 362.32 | AC21: =IFERROR(AB21/AA21,0) -> 0.072464 | AD21: BUY STOP at 1978.65 filled at 1978.730 ($0.08 worse). SL $6.00 away = $42 risk. Closed by the EA itself (account guard / blackout / instant close) at 1979.210 after 1h14m: +$3.36 (+0.08R).
A22: 21 | B22: 2022-04 | C22: 44670.655 | D22: Tue | E22: 15 | F22: SELL | G22: PDH_S | H22: 0.07 | I22: 1970.84 | J22: 1970.79 | K22: =IF(F22="BUY",J22-I22,I22-J22) -> 0.05 | L22: 1976.84 | M22: =ABS(I22-L22) -> 6 | N22: =M22*H22*Summary!$C$6 -> 42 | O22: 44670.927 | P22: =ROUND((O22-C22)*86400,0) -> 23519 | Q22: =IF(P22<10,"a) <10s",IF(P22<60,"b) 10-60s",IF(P22<600,"c) 1-10min","d) >10min"))) -> d) >10min | S22: 1950.18 | T22: Closed by EA (no SL) | U22: =IF(R22="","",IF(F22="BUY",R22-S22,S22-R22)) | V22: =IF(F22="BUY",S22-J22,J22-S22) -> 20.61 | W22: 144.27 | X22: =IFERROR(W22/N22,0) -> 3.435 | Y22: =IF(W22>0,"Win",IF(W22<0,"Loss","Flat")) -> Win | Z22: =Summary!$C$5+SUM(W$2:W22) -> 4781.95 | AA22: =MAX(AA21,Z22) -> 5000 | AB22: =AA22-Z22 -> 218.05 | AC22: =IFERROR(AB22/AA22,0) -> 0.04361 | AD22: SELL STOP at 1970.84 filled at 1970.790 ($0.05 worse). SL $6.00 away = $42 risk. Closed by the EA itself (account guard / blackout / instant close) at 1950.180 after 6h31m: +$144.27 (+3.43R).
A23: 22 | B23: 2022-04 | C23: 44671.183 | D23: Wed | E23: 4 | F23: SELL | G23: PDH_S | H23: 0.07 | I23: 1943.59 | J23: 1943.36 | K23: =IF(F23="BUY",J23-I23,I23-J23) -> 0.23 | L23: 1949.59 | M23: =ABS(I23-L23) -> 6 | N23: =M23*H23*Summary!$C$6 -> 42 | O23: 44671.295 | P23: =ROUND((O23-C23)*86400,0) -> 9733 | Q23: =IF(P23<10,"a) <10s",IF(P23<60,"b) 10-60s",IF(P23<600,"c) 1-10min","d) >10min"))) -> d) >10min | R23: 1942.86 | S23: 1942.89 | T23: Breakeven/trailing stop | U23: =IF(R23="","",IF(F23="BUY",R23-S23,S23-R23)) -> 0.03 | V23: =IF(F23="BUY",S23-J23,J23-S23) -> 0.47 | W23: 3.29 | X23: =IFERROR(W23/N23,0) -> 0.078333333 | Y23: =IF(W23>0,"Win",IF(W23<0,"Loss","Flat")) -> Win | Z23: =Summary!$C$5+SUM(W$2:W23) -> 4785.24 | AA23: =MAX(AA22,Z23) -> 5000 | AB23: =AA23-Z23 -> 214.76 | AC23: =IFERROR(AB23/AA23,0) -> 0.042952 | AD23: SELL STOP at 1943.59 filled at 1943.360 ($0.23 worse). SL $6.00 away = $42 risk. Closed by the EA itself (account guard / blackout / instant close) at 1942.890 after 2h42m: +$3.29 (+0.08R).
A24: 23 | B24: 2022-04 | C24: 44671.379 | D24: Wed | E24: 9 | F24: SELL | G24: RANGE_S | H24: 0.07 | I24: 1940.42 | J24: 1940.41 | K24: =IF(F24="BUY",J24-I24,I24-J24) -> 0.01 | L24: 1946.42 | M24: =ABS(I24-L24) -> 6 | N24: =M24*H24*Summary!$C$6 -> 42 | O24: 44671.494 | P24: =ROUND((O24-C24)*86400,0) -> 9959 | Q24: =IF(P24<10,"a) <10s",IF(P24<60,"b) 10-60s",IF(P24<600,"c) 1-10min","d) >10min"))) -> d) >10min | R24: 1946.42 | S24: 1946.45 | T24: Initial stop loss | U24: =IF(R24="","",IF(F24="BUY",R24-S24,S24-R24)) -> 0.03 | V24: =IF(F24="BUY",S24-J24,J24-S24) -> -6.04 | W24: -42.28 | X24: =IFERROR(W24/N24,0) -> -1.0066667 | Y24: =IF(W24>0,"Win",IF(W24<0,"Loss","Flat")) -> Loss | Z24: =Summary!$C$5+SUM(W$2:W24) -> 4742.96 | AA24: =MAX(AA23,Z24) -> 5000 | AB24: =AA24-Z24 -> 257.04 | AC24: =IFERROR(AB24/AA24,0) -> 0.051408 | AD24: SELL STOP at 1940.42 filled at 1940.410 ($0.01 worse). SL $6.00 away = $42 risk. Price went against it; stopped at 1946.450 after 2h45m: -$42.28 (-1.01R).
A25: 24 | B25: 2022-04 | C25: 44672.375 | D25: Thu | E25: 9 | F25: BUY | G25: RANGE_B | H25: 0.07 | I25: 1953.87 | J25: 1953.95 | K25: =IF(F25="BUY",J25-I25,I25-J25) -> 0.08 | L25: 1947.87 | M25: =ABS(I25-L25) -> 6 | N25: =M25*H25*Summary!$C$6 -> 42 | O25: 44672.462 | P25: =ROUND((O25-C25)*86400,0) -> 7516 | Q25: =IF(P25<10,"a) <10s",IF(P25<60,"b) 10-60s",IF(P25<600,"c) 1-10min","d) >10min"))) -> d) >10min | R25: 1947.87 | S25: 1947.87 | T25: Initial stop loss | U25: =IF(R25="","",IF(F25="BUY",R25-S25,S25-R25)) -> 0 | V25: =IF(F25="BUY",S25-J25,J25-S25) -> -6.08 | W25: -42.56 | X25: =IFERROR(W25/N25,0) -> -1.0133333 | Y25: =IF(W25>0,"Win",IF(W25<0,"Loss","Flat")) -> Loss | Z25: =Summary!$C$5+SUM(W$2:W25) -> 4700.4 | AA25: =MAX(AA24,Z25) -> 5000 | AB25: =AA25-Z25 -> 299.6 | AC25: =IFERROR(AB25/AA25,0) -> 0.05992 | AD25: BUY STOP at 1953.87 filled at 1953.950 ($0.08 worse). SL $6.00 away = $42 risk. Price went against it; stopped at 1947.870 after 2h05m: -$42.56 (-1.01R).
A26: 25 | B26: 2022-04 | C26: 44672.612 | D26: Thu | E26: 14 | F26: SELL | G26: PDH_S | H26: 0.07 | I26: 1939.16 | J26: 1939.16 | K26: =IF(F26="BUY",J26-I26,I26-J26) -> 0 | L26: 1945.16 | M26: =ABS(I26-L26) -> 6 | N26: =M26*H26*Summary!$C$6 -> 42 | O26: 44672.614 | P26: =ROUND((O26-C26)*86400,0) -> 101 | Q26: =IF(P26<10,"a) <10s",IF(P26<60,"b) 10-60s",IF(P26<600,"c) 1-10min","d) >10min"))) -> c) 1-10min | R26: 1938.66 | S26: 1938.74 | T26: Breakeven/trailing stop | U26: =IF(R26="","",IF(F26="BUY",R26-S26,S26-R26)) -> 0.08 | V26: =IF(F26="BUY",S26-J26,J26-S26) -> 0.42 | W26: 2.94 | X26: =IFERROR(W26/N26,0) -> 0.07 | Y26: =IF(W26>0,"Win",IF(W26<0,"Loss","Flat")) -> Win | Z26: =Summary!$C$5+SUM(W$2:W26) -> 4703.34 | AA26: =MAX(AA25,Z26) -> 5000 | AB26: =AA26-Z26 -> 296.66 | AC26: =IFERROR(AB26/AA26,0) -> 0.059332 | AD26: SELL STOP at 1939.16 filled at 1939.160 ($0.00 better). SL $6.00 away = $42 risk. Closed by the EA itself (account guard / blackout / instant close) at 1938.740 after 1m41s: +$2.94 (+0.07R).
A27: 26 | B27: 2022-04 | C27: 44673.459 | D27: Fri | E27: 11 | F27: SELL | G27: RANGE_S | H27: 0.07 | I27: 1949.57 | J27: 1949.56 | K27: =IF(F27="BUY",J27-I27,I27-J27) -> 0.01 | L27: 1955.57 | M27: =ABS(I27-L27) -> 6 | N27: =M27*H27*Summary!$C$6 -> 42 | O27: 44673.927 | P27: =ROUND((O27-C27)*86400,0) -> 40420 | Q27: =IF(P27<10,"a) <10s",IF(P27<60,"b) 10-60s",IF(P27<600,"c) 1-10min","d) >10min"))) -> d) >10min | S27: 1932.47 | T27: Closed by EA (no SL) | U27: =IF(R27="","",IF(F27="BUY",R27-S27,S27-R27)) | V27: =IF(F27="BUY",S27-J27,J27-S27) -> 17.09 | W27: 119.63 | X27: =IFERROR(W27/N27,0) -> 2.8483333 | Y27: =IF(W27>0,"Win",IF(W27<0,"Loss","Flat")) -> Win | Z27: =Summary!$C$5+SUM(W$2:W27) -> 4822.97 | AA27: =MAX(AA26,Z27) -> 5000 | AB27: =AA27-Z27 -> 177.03 | AC27: =IFERROR(AB27/AA27,0) -> 0.035406 | AD27: SELL STOP at 1949.57 filled at 1949.560 ($0.01 worse). SL $6.00 away = $42 risk. Closed by the EA itself (account guard / blackout / instant close) at 1932.470 after 11h13m: +$119.63 (+2.85R).
A28: 27 | B28: 2022-04 | C28: 44676.159 | D28: Mon | E28: 3 | F28: SELL | G28: PDH_S | H28: 0.08 | I28: 1926.46 | J28: 1926.45 | K28: =IF(F28="BUY",J28-I28,I28-J28) -> 0.01 | L28: 1932.46 | M28: =ABS(I28-L28) -> 6 | N28: =M28*H28*Summary!$C$6 -> 48 | O28: 44676.238 | P28: =ROUND((O28-C28)*86400,0) -> 6804 | Q28: =IF(P28<10,"a) <10s",IF(P28<60,"b) 10-60s",IF(P28<600,"c) 1-10min","d) >10min"))) -> d) >10min | R28: 1925.95 | S28: 1926.06 | T28: Breakeven/trailing stop | U28: =IF(R28="","",IF(F28="BUY",R28-S28,S28-R28)) -> 0.11 | V28: =IF(F28="BUY",S28-J28,J28-S28) -> 0.39 | W28: 3.12 | X28: =IFERROR(W28/N28,0) -> 0.065 | Y28: =IF(W28>0,"Win",IF(W28<0,"Loss","Flat")) -> Win | Z28: =Summary!$C$5+SUM(W$2:W28) -> 4826.09 | AA28: =MAX(AA27,Z28) -> 5000 | AB28: =AA28-Z28 -> 173.91 | AC28: =IFERROR(AB28/AA28,0) -> 0.034782 | AD28: SELL STOP at 1926.46 filled at 1926.450 ($0.01 worse). SL $6.00 away = $48 risk. Closed by the EA itself (account guard / blackout / instant close) at 1926.060 after 1h53m: +$3.12 (+0.07R).
A29: 28 | B29: 2022-04 | C29: 44676.398 | D29: Mon | E29: 9 | F29: SELL | G29: RANGE_S | H29: 0.08 | I29: 1913.14 | J29: 1913.11 | K29: =IF(F29="BUY",J29-I29,I29-J29) -> 0.03 | L29: 1919.14 | M29: =ABS(I29-L29) -> 6 | N29: =M29*H29*Summary!$C$6 -> 48 | O29: 44676.423 | P29: =ROUND((O29-C29)*86400,0) -> 2144 | Q29: =IF(P29<10,"a) <10s",IF(P29<60,"b) 10-60s",IF(P29<600,"c) 1-10min","d) >10min"))) -> d) >10min | R29: 1919.14 | S29: 1919.22 | T29: Initial stop loss | U29: =IF(R29="","",IF(F29="BUY",R29-S29,S29-R29)) -> 0.08 | V29: =IF(F29="BUY",S29-J29,J29-S29) -> -6.11 | W29: -48.88 | X29: =IFERROR(W29/N29,0) -> -1.0183333 | Y29: =IF(W29>0,"Win",IF(W29<0,"Loss","Flat")) -> Loss | Z29: =Summary!$C$5+SUM(W$2:W29) -> 4777.21 | AA29: =MAX(AA28,Z29) -> 5000 | AB29: =AA29-Z29 -> 222.79 | AC29: =IFERROR(AB29/AA29,0) -> 0.044558 | AD29: SELL STOP at 1913.14 filled at 1913.110 ($0.03 worse). SL $6.00 away = $48 risk. Price went against it; stopped at 1919.220 after 35m44s: -$48.88 (-1.02R).
A30: 29 | B30: 2022-04 | C30: 44677.399 | D30: Tue | E30: 9 | F30: SELL | G30: RANGE_S | H30: 0.07 | I30: 1901.38 | J30: 1901.36 | K30: =IF(F30="BUY",J30-I30,I30-J30) -> 0.02 | L30: 1907.38 | M30: =ABS(I30-L30) -> 6 | N30: =M30*H30*Summary!$C$6 -> 42 | O30: 44677.466 | P30: =ROUND((O30-C30)*86400,0) -> 5751 | Q30: =IF(P30<10,"a) <10s",IF(P30<60,"b) 10-60s",IF(P30<600,"c) 1-10min","d) >10min"))) -> d) >10min | R30: 1900.86 | S30: 1900.97 | T30: Breakeven/trailing stop | U30: =IF(R30="","",IF(F30="BUY",R30-S30,S30-R30)) -> 0.11 | V30: =IF(F30="BUY",S30-J30,J30-S30) -> 0.39 | W30: 2.73 | X30: =IFERROR(W30/N30,0) -> 0.065 | Y30: =IF(W30>0,"Win",IF(W30<0,"Loss","Flat")) -> Win | Z30: =Summary!$C$5+SUM(W$2:W30) -> 4779.94 | AA30: =MAX(AA29,Z30) -> 5000 | AB30: =AA30-Z30 -> 220.06 | AC30: =IFERROR(AB30/AA30,0) -> 0.044012 | AD30: SELL STOP at 1901.38 filled at 1901.360 ($0.02 worse). SL $6.00 away = $42 risk. Closed by the EA itself (account guard / blackout / instant close) at 1900.970 after 1h35m: +$2.73 (+0.06R).
A31: 30 | B31: 2022-04 | C31: 44678.395 | D31: Wed | E31: 9 | F31: BUY | G31: RANGE_B | H31: 0.07 | I31: 1900.66 | J31: 1900.74 | K31: =IF(F31="BUY",J31-I31,I31-J31) -> 0.08 | L31: 1894.66 | M31: =ABS(I31-L31) -> 6 | N31: =M31*H31*Summary!$C$6 -> 42 | O31: 44678.442 | P31: =ROUND((O31-C31)*86400,0) -> 4093 | Q31: =IF(P31<10,"a) <10s",IF(P31<60,"b) 10-60s",IF(P31<600,"c) 1-10min","d) >10min"))) -> d) >10min | R31: 1901.24 | S31: 1901.22 | T31: Breakeven/trailing stop | U31: =IF(R31="","",IF(F31="BUY",R31-S31,S31-R31)) -> 0.02 | V31: =IF(F31="BUY",S31-J31,J31-S31) -> 0.48 | W31: 3.36 | X31: =IFERROR(W31/N31,0) -> 0.08 | Y31: =IF(W31>0,"Win",IF(W31<0,"Loss","Flat")) -> Win | Z31: =Summary!$C$5+SUM(W$2:W31) -> 4783.3 | AA31: =MAX(AA30,Z31) -> 5000 | AB31: =AA31-Z31 -> 216.7 | AC31: =IFERROR(AB31/AA31,0) -> 0.04334 | AD31: BUY STOP at 1900.66 filled at 1900.740 ($0.08 worse). SL $6.00 away = $42 risk. Closed by the EA itself (account guard / blackout / instant close) at 1901.220 after 1h08m: +$3.36 (+0.08R).
A32: 31 | B32: 2022-04 | C32: 44678.461 | D32: Wed | E32: 11 | F32: SELL | G32: PDH_S | H32: 0.07 | I32: 1895.61 | J32: 1895.53 | K32: =IF(F32="BUY",J32-I32,I32-J32) -> 0.08 | L32: 1901.61 | M32: =ABS(I32-L32) -> 6 | N32: =M32*H32*Summary!$C$6 -> 42 | O32: 44678.478 | P32: =ROUND((O32-C32)*86400,0) -> 1470 | Q32: =IF(P32<10,"a) <10s",IF(P32<60,"b) 10-60s",IF(P32<600,"c) 1-10min","d) >10min"))) -> d) >10min | R32: 1895.03 | S32: 1895.12 | T32: Breakeven/trailing stop | U32: =IF(R32="","",IF(F32="BUY",R32-S32,S32-R32)) -> 0.09 | V32: =IF(F32="BUY",S32-J32,J32-S32) -> 0.41 | W32: 2.87 | X32: =IFERROR(W32/N32,0) -> 0.068333333 | Y32: =IF(W32>0,"Win",IF(W32<0,"Loss","Flat")) -> Win | Z32: =Summary!$C$5+SUM(W$2:W32) -> 4786.17 | AA32: =MAX(AA31,Z32) -> 5000 | AB32: =AA32-Z32 -> 213.83 | AC32: =IFERROR(AB32/AA32,0) -> 0.042766 | AD32: SELL STOP at 1895.61 filled at 1895.530 ($0.08 worse). SL $6.00 away = $42 risk. Closed by the EA itself (account guard / blackout / instant close) at 1895.120 after 24m30s: +$2.87 (+0.07R).
A33: 32 | B33: 2022-04 | C33: 44679.217 | D33: Thu | E33: 5 | F33: SELL | G33: PDH_S | H33: 0.07 | I33: 1881.25 | J33: 1880.79 | K33: =IF(F33="BUY",J33-I33,I33-J33) -> 0.46 | L33: 1887.25 | M33: =ABS(I33-L33) -> 6 | N33: =M33*H33*Summary!$C$6 -> 42 | O33: 44679.264 | P33: =ROUND((O33-C33)*86400,0) -> 4070 | Q33: =IF(P33<10,"a) <10s",IF(P33<60,"b) 10-60s",IF(P33<600,"c) 1-10min","d) >10min"))) -> d) >10min | R33: 1880.29 | S33: 1880.31 | T33: Breakeven/trailing stop | U33: =IF(R33="","",IF(F33="BUY",R33-S33,S33-R33)) -> 0.02 | V33: =IF(F33="BUY",S33-J33,J33-S33) -> 0.48 | W33: 3.36 | X33: =IFERROR(W33/N33,0) -> 0.08 | Y33: =IF(W33>0,"Win",IF(W33<0,"Loss","Flat")) -> Win | Z33: =Summary!$C$5+SUM(W$2:W33) -> 4789.53 | AA33: =MAX(AA32,Z33) -> 5000 | AB33: =AA33-Z33 -> 210.47 | AC33: =IFERROR(AB33/AA33,0) -> 0.042094 | AD33: SELL STOP at 1881.25 filled at 1880.790 ($0.46 worse). SL $6.00 away = $42 risk. Closed by the EA itself (account guard / blackout / instant close) at 1880.310 after 1h07m: +$3.36 (+0.08R).
A34: 33 | B34: 2022-04 | C34: 44679.409 | D34: Thu | E34: 9 | F34: BUY | G34: RANGE_B | H34: 0.07 | I34: 1879.19 | J34: 1879.21 | K34: =IF(F34="BUY",J34-I34,I34-J34) -> 0.02 | L34: 1873.19 | M34: =ABS(I34-L34) -> 6 | N34: =M34*H34*Summary!$C$6 -> 42 | O34: 44679.927 | P34: =ROUND((O34-C34)*86400,0) -> 44763 | Q34: =IF(P34<10,"a) <10s",IF(P34<60,"b) 10-60s",IF(P34<600,"c) 1-10min","d) >10min"))) -> d) >10min | S34: 1894.83 | T34: Closed by EA (no SL) | U34: =IF(R34="","",IF(F34="BUY",R34-S34,S34-R34)) | V34: =IF(F34="BUY",S34-J34,J34-S34) -> 15.62 | W34: 109.34 | X34: =IFERROR(W34/N34,0) -> 2.6033333 | Y34: =IF(W34>0,"Win",IF(W34<0,"Loss","Flat")) -> Win | Z34: =Summary!$C$5+SUM(W$2:W34) -> 4898.87 | AA34: =MAX(AA33,Z34) -> 5000 | AB34: =AA34-Z34 -> 101.13 | AC34: =IFERROR(AB34/AA34,0) -> 0.020226 | AD34: BUY STOP at 1879.19 filled at 1879.210 ($0.02 worse). SL $6.00 away = $42 risk. Closed by the EA itself (account guard / blackout / instant close) at 1894.830 after 12h26m: +$109.34 (+2.60R).
A35: 34 | B35: 2022-04 | C35: 44680.132 | D35: Fri | E35: 3 | F35: BUY | G35: PDH_B | H35: 0.08 | I35: 1896.61 | J35: 1896.63 | K35: =IF(F35="BUY",J35-I35,I35-J35) -> 0.02 | L35: 1890.61 | M35: =ABS(I35-L35) -> 6 | N35: =M35*H35*Summary!$C$6 -> 48 | O35: 44680.927 | P35: =ROUND((O35-C35)*86400,0) -> 68723 | Q35: =IF(P35<10,"a) <10s",IF(P35<60,"b) 10-60s",IF(P35<600,"c) 1-10min","d) >10min"))) -> d) >10min | S35: 1902.91 | T35: Closed by EA (no SL) | U35: =IF(R35="","",IF(F35="BUY",R35-S35,S35-R35)) | V35: =IF(F35="BUY",S35-J35,J35-S35) -> 6.28 | W35: 50.24 | X35: =IFERROR(W35/N35,0) -> 1.0466667 | Y35: =IF(W35>0,"Win",IF(W35<0,"Loss","Flat")) -> Win | Z35: =Summary!$C$5+SUM(W$2:W35) -> 4949.11 | AA35: =MAX(AA34,Z35) -> 5000 | AB35: =AA35-Z35 -> 50.89 | AC35: =IFERROR(AB35/AA35,0) -> 0.010178 | AD35: BUY STOP at 1896.61 filled at 1896.630 ($0.02 worse). SL $6.00 away = $48 risk. Closed by the EA itself (account guard / blackout / instant close) at 1902.910 after 19h05m: +$50.24 (+1.05R).
A36: 35 | B36: 2022-05 | C36: 44683.157 | D36: Mon | E36: 3 | F36: SELL | G36: PDH_S | H36: 0.08 | I36: 1892.47 | J36: 1892.46 | K36: =IF(F36="BUY",J36-I36,I36-J36) -> 0.01 | L36: 1898.47 | M36: =ABS(I36-L36) -> 6 | N36: =M36*H36*Summary!$C$6 -> 48 | O36: 44683.159 | P36: =ROUND((O36-C36)*86400,0) -> 153 | Q36: =IF(P36<10,"a) <10s",IF(P36<60,"b) 10-60s",IF(P36<600,"c) 1-10min","d) >10min"))) -> c) 1-10min | R36: 1891.96 | S36: 1891.97 | T36: Breakeven/trailing stop | U36: =IF(R36="","",IF(F36="BUY",R36-S36,S36-R36)) -> 0.01 | V36: =IF(F36="BUY",S36-J36,J36-S36) -> 0.49 | W36: 3.92 | X36: =IFERROR(W36/N36,0) -> 0.081666667 | Y36: =IF(W36>0,"Win",IF(W36<0,"Loss","Flat")) -> Win | Z36: =Summary!$C$5+SUM(W$2:W36) -> 4953.03 | AA36: =MAX(AA35,Z36) -> 5000 | AB36: =AA36-Z36 -> 46.97 | AC36: =IFERROR(AB36/AA36,0) -> 0.009394 | AD36: SELL STOP at 1892.47 filled at 1892.460 ($0.01 worse). SL $6.00 away = $48 risk. Closed by the EA itself (account guard / blackout / instant close) at 1891.970 after 2m33s: +$3.92 (+0.08R).
A37: 36 | B37: 2022-05 | C37: 44683.476 | D37: Mon | E37: 11 | F37: SELL | G37: RANGE_S | H37: 0.08 | I37: 1882.62 | J37: 1882.62 | K37: =IF(F37="BUY",J37-I37,I37-J37) -> 0 | L37: 1888.62 | M37: =ABS(I37-L37) -> 6 | N37: =M37*H37*Summary!$C$6 -> 48 | O37: 44683.58 | P37: =ROUND((O37-C37)*86400,0) -> 9020 | Q37: =IF(P37<10,"a) <10s",IF(P37<60,"b) 10-60s",IF(P37<600,"c) 1-10min","d) >10min"))) -> d) >10min | R37: 1882.12 | S37: 1882.14 | T37: Breakeven/trailing stop | U37: =IF(R37="","",IF(F37="BUY",R37-S37,S37-R37)) -> 0.02 | V37: =IF(F37="BUY",S37-J37,J37-S37) -> 0.48 | W37: 3.84 | X37: =IFERROR(W37/N37,0) -> 0.08 | Y37: =IF(W37>0,"Win",IF(W37<0,"Loss","Flat")) -> Win | Z37: =Summary!$C$5+SUM(W$2:W37) -> 4956.87 | AA37: =MAX(AA36,Z37) -> 5000 | AB37: =AA37-Z37 -> 43.13 | AC37: =IFERROR(AB37/AA37,0) -> 0.008626 | AD37: SELL STOP at 1882.62 filled at 1882.620 ($0.00 better). SL $6.00 away = $48 risk. Closed by the EA itself (account guard / blackout / instant close) at 1882.140 after 2h30m: +$3.84 (+0.08R).
A38: 37 | B38: 2022-05 | C38: 44684.394 | D38: Tue | E38: 9 | F38: SELL | G38: RANGE_S | H38: 0.08 | I38: 1857.33 | J38: 1857.32 | K38: =IF(F38="BUY",J38-I38,I38-J38) -> 0.01 | L38: 1863.33 | M38: =ABS(I38-L38) -> 6 | N38: =M38*H38*Summary!$C$6 -> 48 | O38: 44684.43 | P38: =ROUND((O38-C38)*86400,0) -> 3085 | Q38: =IF(P38<10,"a) <10s",IF(P38<60,"b) 10-60s",IF(P38<600,"c) 1-10min","d) >10min"))) -> d) >10min | R38: 1856.82 | S38: 1856.82 | T38: Breakeven/trailing stop | U38: =IF(R38="","",IF(F38="BUY",R38-S38,S38-R38)) -> 0 | V38: =IF(F38="BUY",S38-J38,J38-S38) -> 0.5 | W38: 4 | X38: =IFERROR(W38/N38,0) -> 0.083333333 | Y38: =IF(W38>0,"Win",IF(W38<0,"Loss","Flat")) -> Win | Z38: =Summary!$C$5+SUM(W$2:W38) -> 4960.87 | AA38: =MAX(AA37,Z38) -> 5000 | AB38: =AA38-Z38 -> 39.13 | AC38: =IFERROR(AB38/AA38,0) -> 0.007826 | AD38: SELL STOP at 1857.33 filled at 1857.320 ($0.01 worse). SL $6.00 away = $48 risk. Closed by the EA itself (account guard / blackout / instant close) at 1856.820 after 51m25s: +$4.00 (+0.08R).
A39: 38 | B39: 2022-05 | C39: 44685.377 | D39: Wed | E39: 9 | F39: SELL | G39: RANGE_S | H39: 0.08 | I39: 1862.33 | J39: 1862.26 | K39: =IF(F39="BUY",J39-I39,I39-J39) -> 0.07 | L39: 1868.33 | M39: =ABS(I39-L39) -> 6 | N39: =M39*H39*Summary!$C$6 -> 48 | O39: 44685.421 | P39: =ROUND((O39-C39)*86400,0) -> 3756 | Q39: =IF(P39<10,"a) <10s",IF(P39<60,"b) 10-60s",IF(P39<600,"c) 1-10min","d) >10min"))) -> d) >10min | R39: 1868.33 | S39: 1868.36 | T39: Initial stop loss | U39: =IF(R39="","",IF(F39="BUY",R39-S39,S39-R39)) -> 0.03 | V39: =IF(F39="BUY",S39-J39,J39-S39) -> -6.1 | W39: -48.8 | X39: =IFERROR(W39/N39,0) -> -1.0166667 | Y39: =IF(W39>0,"Win",IF(W39<0,"Loss","Flat")) -> Loss | Z39: =Summary!$C$5+SUM(W$2:W39) -> 4912.07 | AA39: =MAX(AA38,Z39) -> 5000 | AB39: =AA39-Z39 -> 87.93 | AC39: =IFERROR(AB39/AA39,0) -> 0.017586 | AD39: SELL STOP at 1862.33 filled at 1862.260 ($0.07 worse). SL $6.00 away = $48 risk. Price went against it; stopped at 1868.360 after 1h02m: -$48.80 (-1.02R).
A40: 39 | B40: 2022-05 | C40: 44685.907 | D40: Wed | E40: 21 | F40: BUY | G40: PDH_B | H40: 0.08 | I40: 1878 | J40: 1878.15 | K40: =IF(F40="BUY",J40-I40,I40-J40) -> 0.15 | L40: 1872 | M40: =ABS(I40-L40) -> 6 | N40: =M40*H40*Summary!$C$6 -> 48 | O40: 44685.908 | P40: =ROUND((O40-C40)*86400,0) -> 38 | Q40: =IF(P40<10,"a) <10s",IF(P40<60,"b) 10-60s",IF(P40<600,"c) 1-10min","d) >10min"))) -> b) 10-60s | R40: 1878.65 | S40: 1878.65 | T40: Breakeven/trailing stop | U40: =IF(R40="","",IF(F40="BUY",R40-S40,S40-R40)) -> 0 | V40: =IF(F40="BUY",S40-J40,J40-S40) -> 0.5 | W40: 4 | X40: =IFERROR(W40/N40,0) -> 0.083333333 | Y40: =IF(W40>0,"Win",IF(W40<0,"Loss","Flat")) -> Win | Z40: =Summary!$C$5+SUM(W$2:W40) -> 4916.07 | AA40: =MAX(AA39,Z40) -> 5000 | AB40: =AA40-Z40 -> 83.93 | AC40: =IFERROR(AB40/AA40,0) -> 0.016786 | AD40: BUY STOP at 1878.00 filled at 1878.150 ($0.15 worse). SL $6.00 away = $48 risk. Closed by the EA itself (account guard / blackout / instant close) at 1878.650 after 38s: +$4.00 (+0.08R).
A41: 40 | B41: 2022-05 | C41: 44686.097 | D41: Thu | E41: 2 | F41: BUY | G41: PDH_B | H41: 0.08 | I41: 1889.66 | J41: 1889.69 | K41: =IF(F41="BUY",J41-I41,I41-J41) -> 0.03 | L41: 1883.66 | M41: =ABS(I41-L41) -> 6 | N41: =M41*H41*Summary!$C$6 -> 48 | O41: 44686.474 | P41: =ROUND((O41-C41)*86400,0) -> 32601 | Q41: =IF(P41<10,"a) <10s",IF(P41<60,"b) 10-60s",IF(P41<600,"c) 1-10min","d) >10min"))) -> d) >10min | R41: 1890.19 | S41: 1890.17 | T41: Breakeven/trailing stop | U41: =IF(R41="","",IF(F41="BUY",R41-S41,S41-R41)) -> 0.02 | V41: =IF(F41="BUY",S41-J41,J41-S41) -> 0.48 | W41: 3.84 | X41: =IFERROR(W41/N41,0) -> 0.08 | Y41: =IF(W41>0,"Win",IF(W41<0,"Loss","Flat")) -> Win | Z41: =Summary!$C$5+SUM(W$2:W41) -> 4919.91 | AA41: =MAX(AA40,Z41) -> 5000 | AB41: =AA41-Z41 -> 80.09 | AC41: =IFERROR(AB41/AA41,0) -> 0.016018 | AD41: BUY STOP at 1889.66 filled at 1889.690 ($0.03 worse). SL $6.00 away = $48 risk. Closed by the EA itself (account guard / blackout / instant close) at 1890.170 after 9h03m: +$3.84 (+0.08R).
A42: 41 | B42: 2022-05 | C42: 44687.16 | D42: Fri | E42: 3 | F42: SELL | G42: PDH_S | H42: 0.08 | I42: 1872.36 | J42: 1872.35 | K42: =IF(F42="BUY",J42-I42,I42-J42) -> 0.01 | L42: 1878.36 | M42: =ABS(I42-L42) -> 6 | N42: =M42*H42*Summary!$C$6 -> 48 | O42: 44687.173 | P42: =ROUND((O42-C42)*86400,0) -> 1164 | Q42: =IF(P42<10,"a) <10s",IF(P42<60,"b) 10-60s",IF(P42<600,"c) 1-10min","d) >10min"))) -> d) >10min | R42: 1871.85 | S42: 1871.87 | T42: Breakeven/trailing stop | U42: =IF(R42="","",IF(F42="BUY",R42-S42,S42-R42)) -> 0.02 | V42: =IF(F42="BUY",S42-J42,J42-S42) -> 0.48 | W42: 3.84 | X42: =IFERROR(W42/N42,0) -> 0.08 | Y42: =IF(W42>0,"Win",IF(W42<0,"Loss","Flat")) -> Win | Z42: =Summary!$C$5+SUM(W$2:W42) -> 4923.75 | AA42: =MAX(AA41,Z42) -> 5000 | AB42: =AA42-Z42 -> 76.25 | AC42: =IFERROR(AB42/AA42,0) -> 0.01525 | AD42: SELL STOP at 1872.36 filled at 1872.350 ($0.01 worse). SL $6.00 away = $48 risk. Closed by the EA itself (account guard / blackout / instant close) at 1871.870 after 19m24s: +$3.84 (+0.08R).
A43: 42 | B43: 2022-05 | C43: 44687.475 | D43: Fri | E43: 11 | F43: BUY | G43: RANGE_B | H43: 0.08 | I43: 1877.79 | J43: 1877.88 | K43: =IF(F43="BUY",J43-I43,I43-J43) -> 0.09 | L43: 1871.79 | M43: =ABS(I43-L43) -> 6 | N43: =M43*H43*Summary!$C$6 -> 48 | O43: 44687.661 | P43: =ROUND((O43-C43)*86400,0) -> 16060 | Q43: =IF(P43<10,"a) <10s",IF(P43<60,"b) 10-60s",IF(P43<600,"c) 1-10min","d) >10min"))) -> d) >10min | R43: 1878.38 | S43: 1878.31 | T43: Breakeven/trailing stop | U43: =IF(R43="","",IF(F43="BUY",R43-S43,S43-R43)) -> 0.07 | V43: =IF(F43="BUY",S43-J43,J43-S43) -> 0.43 | W43: 3.44 | X43: =IFERROR(W43/N43,0) -> 0.071666667 | Y43: =IF(W43>0,"Win",IF(W43<0,"Loss","Flat")) -> Win | Z43: =Summary!$C$5+SUM(W$2:W43) -> 4927.19 | AA43: =MAX(AA42,Z43) -> 5000 | AB43: =AA43-Z43 -> 72.81 | AC43: =IFERROR(AB43/AA43,0) -> 0.014562 | AD43: BUY STOP at 1877.79 filled at 1877.880 ($0.09 worse). SL $6.00 away = $48 risk. Closed by the EA itself (account guard / blackout / instant close) at 1878.310 after 4h27m: +$3.44 (+0.07R).
A44: 43 | B44: 2022-05 | C44: 44690.381 | D44: Mon | E44: 9 | F44: SELL | G44: RANGE_S | H44: 0.08 | I44: 1870.53 | J44: 1870.44 | K44: =IF(F44="BUY",J44-I44,I44-J44) -> 0.09 | L44: 1876.53 | M44: =ABS(I44-L44) -> 6 | N44: =M44*H44*Summary!$C$6 -> 48 | O44: 44690.438 | P44: =ROUND((O44-C44)*86400,0) -> 4866 | Q44: =IF(P44<10,"a) <10s",IF(P44<60,"b) 10-60s",IF(P44<600,"c) 1-10min","d) >10min"))) -> d) >10min | R44: 1869.94 | S44: 1870.06 | T44: Breakeven/trailing stop | U44: =IF(R44="","",IF(F44="BUY",R44-S44,S44-R44)) -> 0.12 | V44: =IF(F44="BUY",S44-J44,J44-S44) -> 0.38 | W44: 3.04 | X44: =IFERROR(W44/N44,0) -> 0.063333333 | Y44: =IF(W44>0,"Win",IF(W44<0,"Loss","Flat")) -> Win | Z44: =Summary!$C$5+SUM(W$2:W44) -> 4930.23 | AA44: =MAX(AA43,Z44) -> 5000 | AB44: =AA44-Z44 -> 69.77 | AC44: =IFERROR(AB44/AA44,0) -> 0.013954 | AD44: SELL STOP at 1870.53 filled at 1870.440 ($0.09 worse). SL $6.00 away = $48 risk. Closed by the EA itself (account guard / blackout / instant close) at 1870.060 after 1h21m: +$3.04 (+0.06R).
A45: 44 | B45: 2022-05 | C45: 44690.486 | D45: Mon | E45: 11 | F45: SELL | G45: PDH_S | H45: 0.08 | I45: 1866 | J45: 1865.55 | K45: =IF(F45="BUY",J45-I45,I45-J45) -> 0.45 | L45: 1872 | M45: =ABS(I45-L45) -> 6 | N45: =M45*H45*Summary!$C$6 -> 48 | O45: 44690.522 | P45: =ROUND((O45-C45)*86400,0) -> 3142 | Q45: =IF(P45<10,"a) <10s",IF(P45<60,"b) 10-60s",IF(P45<600,"c) 1-10min","d) >10min"))) -> d) >10min | R45: 1865.05 | S45: 1865.05 | T45: Breakeven/trailing stop | U45: =IF(R45="","",IF(F45="BUY",R45-S45,S45-R45)) -> 0 | V45: =IF(F45="BUY",S45-J45,J45-S45) -> 0.5 | W45: 4 | X45: =IFERROR(W45/N45,0) -> 0.083333333 | Y45: =IF(W45>0,"Win",IF(W45<0,"Loss","Flat")) -> Win | Z45: =Summary!$C$5+SUM(W$2:W45) -> 4934.23 | AA45: =MAX(AA44,Z45) -> 5000 | AB45: =AA45-Z45 -> 65.77 | AC45: =IFERROR(AB45/AA45,0) -> 0.013154 | AD45: SELL STOP at 1866.00 filled at 1865.550 ($0.45 worse). SL $6.00 away = $48 risk. Closed by the EA itself (account guard / blackout / instant close) at 1865.050 after 52m22s: +$4.00 (+0.08R).
A46: 45 | B46: 2022-05 | C46: 44691.378 | D46: Tue | E46: 9 | F46: BUY | G46: RANGE_B | H46: 0.08 | I46: 1865.21 | J46: 1865.28 | K46: =IF(F46="BUY",J46-I46,I46-J46) -> 0.07 | L46: 1859.21 | M46: =ABS(I46-L46) -> 6 | N46: =M46*H46*Summary!$C$6 -> 48 | O46: 44691.46 | P46: =ROUND((O46-C46)*86400,0) -> 7028 | Q46: =IF(P46<10,"a) <10s",IF(P46<60,"b) 10-60s",IF(P46<600,"c) 1-10min","d) >10min"))) -> d) >10min | R46: 1859.21 | S46: 1859.21 | T46: Initial stop loss | U46: =IF(R46="","",IF(F46="BUY",R46-S46,S46-R46)) -> 0 | V46: =IF(F46="BUY",S46-J46,J46-S46) -> -6.07 | W46: -48.56 | X46: =IFERROR(W46/N46,0) -> -1.0116667 | Y46: =IF(W46>0,"Win",IF(W46<0,"Loss","Flat")) -> Loss | Z46: =Summary!$C$5+SUM(W$2:W46) -> 4885.67 | AA46: =MAX(AA45,Z46) -> 5000 | AB46: =AA46-Z46 -> 114.33 | AC46: =IFERROR(AB46/AA46,0) -> 0.022866 | AD46: BUY STOP at 1865.21 filled at 1865.280 ($0.07 worse). SL $6.00 away = $48 risk. Price went against it; stopped at 1859.210 after 1h57m: -$48.56 (-1.01R).
A47: 46 | B47: 2022-05 | C47: 44691.741 | D47: Tue | E47: 17 | F47: SELL | G47: PDH_S | H47: 0.08 | I47: 1851.56 | J47: 1850.01 | K47: =IF(F47="BUY",J47-I47,I47-J47) -> 1.55 | L47: 1857.56 | M47: =ABS(I47-L47) -> 6 | N47: =M47*H47*Summary!$C$6 -> 48 | O47: 44691.747 | P47: =ROUND((O47-C47)*86400,0) -> 587 | Q47: =IF(P47<10,"a) <10s",IF(P47<60,"b) 10-60s",IF(P47<600,"c) 1-10min","d) >10min"))) -> c) 1-10min | R47: 1849.51 | S47: 1849.56 | T47: Breakeven/trailing stop | U47: =IF(R47="","",IF(F47="BUY",R47-S47,S47-R47)) -> 0.05 | V47: =IF(F47="BUY",S47-J47,J47-S47) -> 0.45 | W47: 3.6 | X47: =IFERROR(W47/N47,0) -> 0.075 | Y47: =IF(W47>0,"Win",IF(W47<0,"Loss","Flat")) -> Win | Z47: =Summary!$C$5+SUM(W$2:W47) -> 4889.27 | AA47: =MAX(AA46,Z47) -> 5000 | AB47: =AA47-Z47 -> 110.73 | AC47: =IFERROR(AB47/AA47,0) -> 0.022146 | AD47: SELL STOP at 1851.56 filled at 1850.010 ($1.55 worse). SL $6.00 away = $48 risk. Closed by the EA itself (account guard / blackout / instant close) at 1849.560 after 9m47s: +$3.60 (+0.07R).
... A74: 73 | B74: 2022-06 | C74: 44713.42 | D74: Wed | E74: 10 | F74: BUY | G74: RANGE_B | H74: 0.07 | I74: 1836.62 | J74: 1836.65 | K74: =IF(F74="BUY",J74-I74,I74-J74) -> 0.03 | L74: 1830.62 | M74: =ABS(I74-L74) -> 6 | N74: =M74*H74*Summary!$C$6 -> 42 | O74: 44713.5 | P74: =ROUND((O74-C74)*86400,0) -> 6838 | Q74: =IF(P74<10,"a) <10s",IF(P74<60,"b) 10-60s",IF(P74<600,"c) 1-10min","d) >10min"))) -> d) >10min | R74: 1830.62 | S74: 1830.62 | T74: Initial stop loss | U74: =IF(R74="","",IF(F74="BUY",R74-S74,S74-R74)) -> 0 | V74: =IF(F74="BUY",S74-J74,J74-S74) -> -6.03 | W74: -42.21 | X74: =IFERROR(W74/N74,0) -> -1.005 | Y74: =IF(W74>0,"Win",IF(W74<0,"Loss","Flat")) -> Loss | Z74: =Summary!$C$5+SUM(W$2:W74) -> 4545.92 | AA74: =MAX(AA73,Z74) -> 5000 | AB74: =AA74-Z74 -> 454.08 | AC74: =IFERROR(AB74/AA74,0) -> 0.090816 | AD74: BUY STOP at 1836.62 filled at 1836.650 ($0.03 worse). SL $6.00 away = $42 risk. Price went against it; stopped at 1830.620 after 1h53m: -$42.21 (-1.00R).
A75: 74 | B75: 2022-06 | C75: 44714.375 | D75: Thu | E75: 9 | F75: BUY | G75: RANGE_B | H75: 0.07 | I75: 1848.91 | J75: 1848.91 | K75: =IF(F75="BUY",J75-I75,I75-J75) -> 0 | L75: 1842.91 | M75: =ABS(I75-L75) -> 6 | N75: =M75*H75*Summary!$C$6 -> 42 | O75: 44714.927 | P75: =ROUND((O75-C75)*86400,0) -> 47664 | Q75: =IF(P75<10,"a) <10s",IF(P75<60,"b) 10-60s",IF(P75<600,"c) 1-10min","d) >10min"))) -> d) >10min | S75: 1869.64 | T75: Closed by EA (no SL) | U75: =IF(R75="","",IF(F75="BUY",R75-S75,S75-R75)) | V75: =IF(F75="BUY",S75-J75,J75-S75) -> 20.73 | W75: 145.11 | X75: =IFERROR(W75/N75,0) -> 3.455 | Y75: =IF(W75>0,"Win",IF(W75<0,"Loss","Flat")) -> Win | Z75: =Summary!$C$5+SUM(W$2:W75) -> 4691.03 | AA75: =MAX(AA74,Z75) -> 5000 | AB75: =AA75-Z75 -> 308.97 | AC75: =IFERROR(AB75/AA75,0) -> 0.061794 | AD75: BUY STOP at 1848.91 filled at 1848.910 ($0.00 better). SL $6.00 away = $42 risk. Closed by the EA itself (account guard / blackout / instant close) at 1869.640 after 13h14m: +$145.11 (+3.45R).
A76: 75 | B76: 2022-06 | C76: 44715.094 | D76: Fri | E76: 2 | F76: BUY | G76: PDH_B | H76: 0.07 | I76: 1870.34 | J76: 1870.34 | K76: =IF(F76="BUY",J76-I76,I76-J76) -> 0 | L76: 1864.34 | M76: =ABS(I76-L76) -> 6 | N76: =M76*H76*Summary!$C$6 -> 42 | O76: 44715.157 | P76: =ROUND((O76-C76)*86400,0) -> 5465 | Q76: =IF(P76<10,"a) <10s",IF(P76<60,"b) 10-60s",IF(P76<600,"c) 1-10min","d) >10min"))) -> d) >10min | R76: 1870.84 | S76: 1870.81 | T76: Breakeven/trailing stop | U76: =IF(R76="","",IF(F76="BUY",R76-S76,S76-R76)) -> 0.03 | V76: =IF(F76="BUY",S76-J76,J76-S76) -> 0.47 | W76: 3.29 | X76: =IFERROR(W76/N76,0) -> 0.078333333 | Y76: =IF(W76>0,"Win",IF(W76<0,"Loss","Flat")) -> Win | Z76: =Summary!$C$5+SUM(W$2:W76) -> 4694.32 | AA76: =MAX(AA75,Z76) -> 5000 | AB76: =AA76-Z76 -> 305.68 | AC76: =IFERROR(AB76/AA76,0) -> 0.061136 | AD76: BUY STOP at 1870.34 filled at 1870.340 ($0.00 better). SL $6.00 away = $42 risk. Closed by the EA itself (account guard / blackout / instant close) at 1870.810 after 1h31m: +$3.29 (+0.08R).
A77: 76 | B77: 2022-06 | C77: 44715.377 | D77: Fri | E77: 9 | F77: BUY | G77: RANGE_B | H77: 0.07 | I77: 1869.07 | J77: 1869.12 | K77: =IF(F77="BUY",J77-I77,I77-J77) -> 0.05 | L77: 1863.07 | M77: =ABS(I77-L77) -> 6 | N77: =M77*H77*Summary!$C$6 -> 42 | O77: 44715.643 | P77: =ROUND((O77-C77)*86400,0) -> 23013 | Q77: =IF(P77<10,"a) <10s",IF(P77<60,"b) 10-60s",IF(P77<600,"c) 1-10min","d) >10min"))) -> d) >10min | R77: 1863.07 | S77: 1863.03 | T77: Initial stop loss | U77: =IF(R77="","",IF(F77="BUY",R77-S77,S77-R77)) -> 0.04 | V77: =IF(F77="BUY",S77-J77,J77-S77) -> -6.09 | W77: -42.63 | X77: =IFERROR(W77/N77,0) -> -1.015 | Y77: =IF(W77>0,"Win",IF(W77<0,"Loss","Flat")) -> Loss | Z77: =Summary!$C$5+SUM(W$2:W77) -> 4651.69 | AA77: =MAX(AA76,Z77) -> 5000 | AB77: =AA77-Z77 -> 348.31 | AC77: =IFERROR(AB77/AA77,0) -> 0.069662 | AD77: BUY STOP at 1869.07 filled at 1869.120 ($0.05 worse). SL $6.00 away = $42 risk. Price went against it; stopped at 1863.030 after 6h23m: -$42.63 (-1.01R).
A78: 77 | B78: 2022-06 | C78: 44718.4 | D78: Mon | E78: 9 | F78: SELL | G78: RANGE_S | H78: 0.07 | I78: 1853.77 | J78: 1853.72 | K78: =IF(F78="BUY",J78-I78,I78-J78) -> 0.05 | L78: 1859.77 | M78: =ABS(I78-L78) -> 6 | N78: =M78*H78*Summary!$C$6 -> 42 | O78: 44718.47 | P78: =ROUND((O78-C78)*86400,0) -> 6098 | Q78: =IF(P78<10,"a) <10s",IF(P78<60,"b) 10-60s",IF(P78<600,"c) 1-10min","d) >10min"))) -> d) >10min | R78: 1853.22 | S78: 1853.23 | T78: Breakeven/trailing stop | U78: =IF(R78="","",IF(F78="BUY",R78-S78,S78-R78)) -> 0.01 | V78: =IF(F78="BUY",S78-J78,J78-S78) -> 0.49 | W78: 3.43 | X78: =IFERROR(W78/N78,0) -> 0.081666667 | Y78: =IF(W78>0,"Win",IF(W78<0,"Loss","Flat")) -> Win | Z78: =Summary!$C$5+SUM(W$2:W78) -> 4655.12 | AA78: =MAX(AA77,Z78) -> 5000 | AB78: =AA78-Z78 -> 344.88 | AC78: =IFERROR(AB78/AA78,0) -> 0.068976 | AD78: SELL STOP at 1853.77 filled at 1853.720 ($0.05 worse). SL $6.00 away = $42 risk. Closed by the EA itself (account guard / blackout / instant close) at 1853.230 after 1h41m: +$3.43 (+0.08R).
A79: 78 | B79: 2022-06 | C79: 44718.71 | D79: Mon | E79: 17 | F79: SELL | G79: PDH_S | H79: 0.07 | I79: 1847.27 | J79: 1847.09 | K79: =IF(F79="BUY",J79-I79,I79-J79) -> 0.18 | L79: 1853.27 | M79: =ABS(I79-L79) -> 6 | N79: =M79*H79*Summary!$C$6 -> 42 | O79: 44718.927 | P79: =ROUND((O79-C79)*86400,0) -> 18780 | Q79: =IF(P79<10,"a) <10s",IF(P79<60,"b) 10-60s",IF(P79<600,"c) 1-10min","d) >10min"))) -> d) >10min | S79: 1842.33 | T79: Closed by EA (no SL) | U79: =IF(R79="","",IF(F79="BUY",R79-S79,S79-R79)) | V79: =IF(F79="BUY",S79-J79,J79-S79) -> 4.76 | W79: 33.32 | X79: =IFERROR(W79/N79,0) -> 0.79333333 | Y79: =IF(W79>0,"Win",IF(W79<0,"Loss","Flat")) -> Win | Z79: =Summary!$C$5+SUM(W$2:W79) -> 4688.44 | AA79: =MAX(AA78,Z79) -> 5000 | AB79: =AA79-Z79 -> 311.56 | AC79: =IFERROR(AB79/AA79,0) -> 0.062312 | AD79: SELL STOP at 1847.27 filled at 1847.090 ($0.18 worse). SL $6.00 away = $42 risk. Closed by the EA itself (account guard / blackout / instant close) at 1842.330 after 5h13m: +$33.32 (+0.79R).
A80: 79 | B80: 2022-06 | C80: 44719.377 | D80: Tue | E80: 9 | F80: SELL | G80: RANGE_S | H80: 0.07 | I80: 1838.68 | J80: 1838.67 | K80: =IF(F80="BUY",J80-I80,I80-J80) -> 0.01 | L80: 1844.68 | M80: =ABS(I80-L80) -> 6 | N80: =M80*H80*Summary!$C$6 -> 42 | O80: 44719.425 | P80: =ROUND((O80-C80)*86400,0) -> 4111 | Q80: =IF(P80<10,"a) <10s",IF(P80<60,"b) 10-60s",IF(P80<600,"c) 1-10min","d) >10min"))) -> d) >10min | R80: 1844.68 | S80: 1844.7 | T80: Initial stop loss | U80: =IF(R80="","",IF(F80="BUY",R80-S80,S80-R80)) -> 0.02 | V80: =IF(F80="BUY",S80-J80,J80-S80) -> -6.03 | W80: -42.21 | X80: =IFERROR(W80/N80,0) -> -1.005 | Y80: =IF(W80>0,"Win",IF(W80<0,"Loss","Flat")) -> Loss | Z80: =Summary!$C$5+SUM(W$2:W80) -> 4646.23 | AA80: =MAX(AA79,Z80) -> 5000 | AB80: =AA80-Z80 -> 353.77 | AC80: =IFERROR(AB80/AA80,0) -> 0.070754 | AD80: SELL STOP at 1838.68 filled at 1838.670 ($0.01 worse). SL $6.00 away = $42 risk. Price went against it; stopped at 1844.700 after 1h08m: -$42.21 (-1.00R).
A81: 80 | B81: 2022-06 | C81: 44720.644 | D81: Wed | E81: 15 | F81: SELL | G81: RANGE_S | H81: 0.07 | I81: 1845.66 | J81: 1845.66 | K81: =IF(F81="BUY",J81-I81,I81-J81) -> 0 | L81: 1851.66 | M81: =ABS(I81-L81) -> 6 | N81: =M81*H81*Summary!$C$6 -> 42 | O81: 44720.653 | P81: =ROUND((O81-C81)*86400,0) -> 789 | Q81: =IF(P81<10,"a) <10s",IF(P81<60,"b) 10-60s",IF(P81<600,"c) 1-10min","d) >10min"))) -> d) >10min | R81: 1851.66 | S81: 1851.69 | T81: Initial stop loss | U81: =IF(R81="","",IF(F81="BUY",R81-S81,S81-R81)) -> 0.03 | V81: =IF(F81="BUY",S81-J81,J81-S81) -> -6.03 | W81: -42.21 | X81: =IFERROR(W81/N81,0) -> -1.005 | Y81: =IF(W81>0,"Win",IF(W81<0,"Loss","Flat")) -> Loss | Z81: =Summary!$C$5+SUM(W$2:W81) -> 4604.02 | AA81: =MAX(AA80,Z81) -> 5000 | AB81: =AA81-Z81 -> 395.98 | AC81: =IFERROR(AB81/AA81,0) -> 0.079196 | AD81: SELL STOP at 1845.66 filled at 1845.660 ($0.00 better). SL $6.00 away = $42 risk. Price went against it; stopped at 1851.690 after 13m09s: -$42.21 (-1.00R).
A82: 81 | B82: 2022-06 | C82: 44720.677 | D82: Wed | E82: 16 | F82: BUY | G82: PDH_B | H82: 0.07 | I82: 1855.46 | J82: 1855.82 | K82: =IF(F82="BUY",J82-I82,I82-J82) -> 0.36 | L82: 1849.46 | M82: =ABS(I82-L82) -> 6 | N82: =M82*H82*Summary!$C$6 -> 42 | O82: 44720.797 | P82: =ROUND((O82-C82)*86400,0) -> 10360 | Q82: =IF(P82<10,"a) <10s",IF(P82<60,"b) 10-60s",IF(P82<600,"c) 1-10min","d) >10min"))) -> d) >10min | R82: 1856.32 | S82: 1856.31 | T82: Breakeven/trailing stop | U82: =IF(R82="","",IF(F82="BUY",R82-S82,S82-R82)) -> 0.01 | V82: =IF(F82="BUY",S82-J82,J82-S82) -> 0.49 | W82: 3.43 | X82: =IFERROR(W82/N82,0) -> 0.081666667 | Y82: =IF(W82>0,"Win",IF(W82<0,"Loss","Flat")) -> Win | Z82: =Summary!$C$5+SUM(W$2:W82) -> 4607.45 | AA82: =MAX(AA81,Z82) -> 5000 | AB82: =AA82-Z82 -> 392.55 | AC82: =IFERROR(AB82/AA82,0) -> 0.07851 | AD82: BUY STOP at 1855.46 filled at 1855.820 ($0.36 worse). SL $6.00 away = $42 risk. Closed by the EA itself (account guard / blackout / instant close) at 1856.310 after 2h52m: +$3.43 (+0.08R).
A83: 82 | B83: 2022-06 | C83: 44721.394 | D83: Thu | E83: 9 | F83: SELL | G83: RANGE_S | H83: 0.07 | I83: 1850.76 | J83: 1850.75 | K83: =IF(F83="BUY",J83-I83,I83-J83) -> 0.01 | L83: 1856.76 | M83: =ABS(I83-L83) -> 6 | N83: =M83*H83*Summary!$C$6 -> 42 | O83: 44721.493 | P83: =ROUND((O83-C83)*86400,0) -> 8555 | Q83: =IF(P83<10,"a) <10s",IF(P83<60,"b) 10-60s",IF(P83<600,"c) 1-10min","d) >10min"))) -> d) >10min | R83: 1850.25 | S83: 1850.25 | T83: Breakeven/trailing stop | U83: =IF(R83="","",IF(F83="BUY",R83-S83,S83-R83)) -> 0 | V83: =IF(F83="BUY",S83-J83,J83-S83) -> 0.5 | W83: 3.5 | X83: =IFERROR(W83/N83,0) -> 0.083333333 | Y83: =IF(W83>0,"Win",IF(W83<0,"Loss","Flat")) -> Win | Z83: =Summary!$C$5+SUM(W$2:W83) -> 4610.95 | AA83: =MAX(AA82,Z83) -> 5000 | AB83: =AA83-Z83 -> 389.05 | AC83: =IFERROR(AB83/AA83,0) -> 0.07781 | AD83: SELL STOP at 1850.76 filled at 1850.750 ($0.01 worse). SL $6.00 away = $42 risk. Closed by the EA itself (account guard / blackout / instant close) at 1850.250 after 2h22m: +$3.50 (+0.08R).
A84: 83 | B84: 2022-06 | C84: 44721.629 | D84: Thu | E84: 15 | F84: SELL | G84: PDH_S | H84: 0.07 | I84: 1844.48 | J84: 1844.41 | K84: =IF(F84="BUY",J84-I84,I84-J84) -> 0.07 | L84: 1850.48 | M84: =ABS(I84-L84) -> 6 | N84: =M84*H84*Summary!$C$6 -> 42 | O84: 44721.643 | P84: =ROUND((O84-C84)*86400,0) -> 1270 | Q84: =IF(P84<10,"a) <10s",IF(P84<60,"b) 10-60s",IF(P84<600,"c) 1-10min","d) >10min"))) -> d) >10min | R84: 1850.48 | S84: 1850.48 | T84: Initial stop loss | U84: =IF(R84="","",IF(F84="BUY",R84-S84,S84-R84)) -> 0 | V84: =IF(F84="BUY",S84-J84,J84-S84) -> -6.07 | W84: -42.49 | X84: =IFERROR(W84/N84,0) -> -1.0116667 | Y84: =IF(W84>0,"Win",IF(W84<0,"Loss","Flat")) -> Loss | Z84: =Summary!$C$5+SUM(W$2:W84) -> 4568.46 | AA84: =MAX(AA83,Z84) -> 5000 | AB84: =AA84-Z84 -> 431.54 | AC84: =IFERROR(AB84/AA84,0) -> 0.086308 | AD84: SELL STOP at 1844.48 filled at 1844.410 ($0.07 worse). SL $6.00 away = $42 risk. Price went against it; stopped at 1850.480 after 21m10s: -$42.49 (-1.01R).
A85: 84 | B85: 2022-06 | C85: 44722.377 | D85: Fri | E85: 9 | F85: BUY | G85: RANGE_B | H85: 0.07 | I85: 1845.92 | J85: 1845.94 | K85: =IF(F85="BUY",J85-I85,I85-J85) -> 0.02 | L85: 1839.92 | M85: =ABS(I85-L85) -> 6 | N85: =M85*H85*Summary!$C$6 -> 42 | O85: 44722.597 | P85: =ROUND((O85-C85)*86400,0) -> 19061 | Q85: =IF(P85<10,"a) <10s",IF(P85<60,"b) 10-60s",IF(P85<600,"c) 1-10min","d) >10min"))) -> d) >10min | R85: 1839.92 | S85: 1839.67 | T85: Initial stop loss | U85: =IF(R85="","",IF(F85="BUY",R85-S85,S85-R85)) -> 0.25 | V85: =IF(F85="BUY",S85-J85,J85-S85) -> -6.27 | W85: -43.89 | X85: =IFERROR(W85/N85,0) -> -1.045 | Y85: =IF(W85>0,"Win",IF(W85<0,"Loss","Flat")) -> Loss | Z85: =Summary!$C$5+SUM(W$2:W85) -> 4524.57 | AA85: =MAX(AA84,Z85) -> 5000 | AB85: =AA85-Z85 -> 475.43 | AC85: =IFERROR(AB85/AA85,0) -> 0.095086 | AD85: BUY STOP at 1845.92 filled at 1845.940 ($0.02 worse). SL $6.00 away = $42 risk. Price went against it; stopped at 1839.670 after 5h17m: -$43.89 (-1.04R).
A86: 85 | B86: 2022-06 | C86: 44722.743 | D86: Fri | E86: 17 | F86: BUY | G86: PDH_B | H86: 0.07 | I86: 1855.27 | J86: 1855.4 | K86: =IF(F86="BUY",J86-I86,I86-J86) -> 0.13 | L86: 1849.27 | M86: =ABS(I86-L86) -> 6 | N86: =M86*H86*Summary!$C$6 -> 42 | O86: 44722.75 | P86: =ROUND((O86-C86)*86400,0) -> 578 | Q86: =IF(P86<10,"a) <10s",IF(P86<60,"b) 10-60s",IF(P86<600,"c) 1-10min","d) >10min"))) -> c) 1-10min | R86: 1855.9 | S86: 1855.86 | T86: Breakeven/trailing stop | U86: =IF(R86="","",IF(F86="BUY",R86-S86,S86-R86)) -> 0.04 | V86: =IF(F86="BUY",S86-J86,J86-S86) -> 0.46 | W86: 3.22 | X86: =IFERROR(W86/N86,0) -> 0.076666667 | Y86: =IF(W86>0,"Win",IF(W86<0,"Loss","Flat")) -> Win | Z86: =Summary!$C$5+SUM(W$2:W86) -> 4527.79 | AA86: =MAX(AA85,Z86) -> 5000 | AB86: =AA86-Z86 -> 472.21 | AC86: =IFERROR(AB86/AA86,0) -> 0.094442 | AD86: BUY STOP at 1855.27 filled at 1855.400 ($0.13 worse). SL $6.00 away = $42 risk. Closed by the EA itself (account guard / blackout / instant close) at 1855.860 after 9m38s: +$3.22 (+0.08R).
A87: 86 | B87: 2022-06 | C87: 44725.375 | D87: Mon | E87: 9 | F87: BUY | G87: RANGE_B | H87: 0.07 | I87: 1866.09 | J87: 1866.1 | K87: =IF(F87="BUY",J87-I87,I87-J87) -> 0.01 | L87: 1860.09 | M87: =ABS(I87-L87) -> 6 | N87: =M87*H87*Summary!$C$6 -> 42 | O87: 44725.437 | P87: =ROUND((O87-C87)*86400,0) -> 5340 | Q87: =IF(P87<10,"a) <10s",IF(P87<60,"b) 10-60s",IF(P87<600,"c) 1-10min","d) >10min"))) -> d) >10min | R87: 1860.09 | S87: 1860.09 | T87: Initial stop loss | U87: =IF(R87="","",IF(F87="BUY",R87-S87,S87-R87)) -> 0 | V87: =IF(F87="BUY",S87-J87,J87-S87) -> -6.01 | W87: -42.07 | X87: =IFERROR(W87/N87,0) -> -1.0016667 | Y87: =IF(W87>0,"Win",IF(W87<0,"Loss","Flat")) -> Loss | Z87: =Summary!$C$5+SUM(W$2:W87) -> 4485.72 | AA87: =MAX(AA86,Z87) -> 5000 | AB87: =AA87-Z87 -> 514.28 | AC87: =IFERROR(AB87/AA87,0) -> 0.102856 | AD87: BUY STOP at 1866.09 filled at 1866.100 ($0.01 worse). SL $6.00 away = $42 risk. Price went against it; stopped at 1860.090 after 1h29m: -$42.07 (-1.00R).
A88: 87 | B88: 2022-06 | C88: 44725.73 | D88: Mon | E88: 17 | F88: SELL | G88: PDH_S | H88: 0.07 | I88: 1824.95 | J88: 1824.04 | K88: =IF(F88="BUY",J88-I88,I88-J88) -> 0.91 | L88: 1830.95 | M88: =ABS(I88-L88) -> 6 | N88: =M88*H88*Summary!$C$6 -> 42 | O88: 44725.795 | P88: =ROUND((O88-C88)*86400,0) -> 5630 | Q88: =IF(P88<10,"a) <10s",IF(P88<60,"b) 10-60s",IF(P88<600,"c) 1-10min","d) >10min"))) -> d) >10min | R88: 1830.95 | S88: 1830.96 | T88: Initial stop loss | U88: =IF(R88="","",IF(F88="BUY",R88-S88,S88-R88)) -> 0.01 | V88: =IF(F88="BUY",S88-J88,J88-S88) -> -6.92 | W88: -48.44 | X88: =IFERROR(W88/N88,0) -> -1.1533333 | Y88: =IF(W88>0,"Win",IF(W88<0,"Loss","Flat")) -> Loss | Z88: =Summary!$C$5+SUM(W$2:W88) -> 4437.28 | AA88: =MAX(AA87,Z88) -> 5000 | AB88: =AA88-Z88 -> 562.72 | AC88: =IFERROR(AB88/AA88,0) -> 0.112544 | AD88: SELL STOP at 1824.95 filled at 1824.040 ($0.91 worse). SL $6.00 away = $42 risk. Price went against it; stopped at 1830.960 after 1h33m: -$48.44 (-1.15R).
A89: 88 | B89: 2022-06 | C89: 44726.375 | D89: Tue | E89: 9 | F89: BUY | G89: RANGE_B | H89: 0.07 | I89: 1828.16 | J89: 1828.19 | K89: =IF(F89="BUY",J89-I89,I89-J89) -> 0.03 | L89: 1822.16 | M89: =ABS(I89-L89) -> 6 | N89: =M89*H89*Summary!$C$6 -> 42 | O89: 44726.424 | P89: =ROUND((O89-C89)*86400,0) -> 4250 | Q89: =IF(P89<10,"a) <10s",IF(P89<60,"b) 10-60s",IF(P89<600,"c) 1-10min","d) >10min"))) -> d) >10min | R89: 1828.69 | S89: 1828.65 | T89: Breakeven/trailing stop | U89: =IF(R89="","",IF(F89="BUY",R89-S89,S89-R89)) -> 0.04 | V89: =IF(F89="BUY",S89-J89,J89-S89) -> 0.46 | W89: 3.22 | X89: =IFERROR(W89/N89,0) -> 0.076666667 | Y89: =IF(W89>0,"Win",IF(W89<0,"Loss","Flat")) -> Win | Z89: =Summary!$C$5+SUM(W$2:W89) -> 4440.5 | AA89: =MAX(AA88,Z89) -> 5000 | AB89: =AA89-Z89 -> 559.5 | AC89: =IFERROR(AB89/AA89,0) -> 0.1119 | AD89: BUY STOP at 1828.16 filled at 1828.190 ($0.03 worse). SL $6.00 away = $42 risk. Closed by the EA itself (account guard / blackout / instant close) at 1828.650 after 1h10m: +$3.22 (+0.08R).
A90: 89 | B90: 2022-06 | C90: 44727.376 | D90: Wed | E90: 9 | F90: BUY | G90: RANGE_B | H90: 0.07 | I90: 1818.86 | J90: 1818.88 | K90: =IF(F90="BUY",J90-I90,I90-J90) -> 0.02 | L90: 1812.86 | M90: =ABS(I90-L90) -> 6 | N90: =M90*H90*Summary!$C$6 -> 42 | O90: 44727.411 | P90: =ROUND((O90-C90)*86400,0) -> 3017 | Q90: =IF(P90<10,"a) <10s",IF(P90<60,"b) 10-60s",IF(P90<600,"c) 1-10min","d) >10min"))) -> d) >10min | R90: 1819.38 | S90: 1819.37 | T90: Breakeven/trailing stop | U90: =IF(R90="","",IF(F90="BUY",R90-S90,S90-R90)) -> 0.01 | V90: =IF(F90="BUY",S90-J90,J90-S90) -> 0.49 | W90: 3.43 | X90: =IFERROR(W90/N90,0) -> 0.081666667 | Y90: =IF(W90>0,"Win",IF(W90<0,"Loss","Flat")) -> Win | Z90: =Summary!$C$5+SUM(W$2:W90) -> 4443.93 | AA90: =MAX(AA89,Z90) -> 5000 | AB90: =AA90-Z90 -> 556.07 | AC90: =IFERROR(AB90/AA90,0) -> 0.111214 | AD90: BUY STOP at 1818.86 filled at 1818.880 ($0.02 worse). SL $6.00 away = $42 risk. Closed by the EA itself (account guard / blackout / instant close) at 1819.370 after 50m17s: +$3.43 (+0.08R).
A91: 90 | B91: 2022-06 | C91: 44727.598 | D91: Wed | E91: 14 | F91: BUY | G91: PDH_B | H91: 0.07 | I91: 1831.54 | J91: 1831.95 | K91: =IF(F91="BUY",J91-I91,I91-J91) -> 0.41 | L91: 1825.54 | M91: =ABS(I91-L91) -> 6 | N91: =M91*H91*Summary!$C$6 -> 42 | O91: 44727.621 | P91: =ROUND((O91-C91)*86400,0) -> 2017 | Q91: =IF(P91<10,"a) <10s",IF(P91<60,"b) 10-60s",IF(P91<600,"c) 1-10min","d) >10min"))) -> d) >10min | R91: 1832.45 | S91: 1832.44 | T91: Breakeven/trailing stop | U91: =IF(R91="","",IF(F91="BUY",R91-S91,S91-R91)) -> 0.01 | V91: =IF(F91="BUY",S91-J91,J91-S91) -> 0.49 | W91: 3.43 | X91: =IFERROR(W91/N91,0) -> 0.081666667 | Y91: =IF(W91>0,"Win",IF(W91<0,"Loss","Flat")) -> Win | Z91: =Summary!$C$5+SUM(W$2:W91) -> 4447.36 | AA91: =MAX(AA90,Z91) -> 5000 | AB91: =AA91-Z91 -> 552.64 | AC91: =IFERROR(AB91/AA91,0) -> 0.110528 | AD91: BUY STOP at 1831.54 filled at 1831.950 ($0.41 worse). SL $6.00 away = $42 risk. Closed by the EA itself (account guard / blackout / instant close) at 1832.440 after 33m37s: +$3.43 (+0.08R).
A92: 91 | B92: 2022-06 | C92: 44728.405 | D92: Thu | E92: 9 | F92: SELL | G92: RANGE_S | H92: 0.07 | I92: 1829.71 | J92: 1829.68 | K92: =IF(F92="BUY",J92-I92,I92-J92) -> 0.03 | L92: 1835.71 | M92: =ABS(I92-L92) -> 6 | N92: =M92*H92*Summary!$C$6 -> 42 | O92: 44728.438 | P92: =ROUND((O92-C92)*86400,0) -> 2827 | Q92: =IF(P92<10,"a) <10s",IF(P92<60,"b) 10-60s",IF(P92<600,"c) 1-10min","d) >10min"))) -> d) >10min | R92: 1829.18 | S92: 1829.24 | T92: Breakeven/trailing stop | U92: =IF(R92="","",IF(F92="BUY",R92-S92,S92-R92)) -> 0.06 | V92: =IF(F92="BUY",S92-J92,J92-S92) -> 0.44 | W92: 3.08 | X92: =IFERROR(W92/N92,0) -> 0.073333333 | Y92: =IF(W92>0,"Win",IF(W92<0,"Loss","Flat")) -> Win | Z92: =Summary!$C$5+SUM(W$2:W92) -> 4450.44 | AA92: =MAX(AA91,Z92) -> 5000 | AB92: =AA92-Z92 -> 549.56 | AC92: =IFERROR(AB92/AA92,0) -> 0.109912 | AD92: SELL STOP at 1829.71 filled at 1829.680 ($0.03 worse). SL $6.00 away = $42 risk. Closed by the EA itself (account guard / blackout / instant close) at 1829.240 after 47m07s: +$3.08 (+0.07R).
A93: 92 | B93: 2022-06 | C93: 44728.765 | D93: Thu | E93: 18 | F93: BUY | G93: PDH_B | H93: 0.07 | I93: 1841.84 | J93: 1841.84 | K93: =IF(F93="BUY",J93-I93,I93-J93) -> 0 | L93: 1835.84 | M93: =ABS(I93-L93) -> 6 | N93: =M93*H93*Summary!$C$6 -> 42 | O93: 44728.927 | P93: =ROUND((O93-C93)*86400,0) -> 13989 | Q93: =IF(P93<10,"a) <10s",IF(P93<60,"b) 10-60s",IF(P93<600,"c) 1-10min","d) >10min"))) -> d) >10min | S93: 1850.9 | T93: Closed by EA (no SL) | U93: =IF(R93="","",IF(F93="BUY",R93-S93,S93-R93)) | V93: =IF(F93="BUY",S93-J93,J93-S93) -> 9.06 | W93: 63.42 | X93: =IFERROR(W93/N93,0) -> 1.51 | Y93: =IF(W93>0,"Win",IF(W93<0,"Loss","Flat")) -> Win | Z93: =Summary!$C$5+SUM(W$2:W93) -> 4513.86 | AA93: =MAX(AA92,Z93) -> 5000 | AB93: =AA93-Z93 -> 486.14 | AC93: =IFERROR(AB93/AA93,0) -> 0.097228 | AD93: BUY STOP at 1841.84 filled at 1841.840 ($0.00 better). SL $6.00 away = $42 risk. Closed by the EA itself (account guard / blackout / instant close) at 1850.900 after 3h53m: +$63.42 (+1.51R).
A94: 93 | B94: 2022-06 | C94: 44729.381 | D94: Fri | E94: 9 | F94: BUY | G94: RANGE_B | H94: 0.07 | I94: 1847.18 | J94: 1847.2 | K94: =IF(F94="BUY",J94-I94,I94-J94) -> 0.02 | L94: 1841.18 | M94: =ABS(I94-L94) -> 6 | N94: =M94*H94*Summary!$C$6 -> 42 | O94: 44729.541 | P94: =ROUND((O94-C94)*86400,0) -> 13870 | Q94: =IF(P94<10,"a) <10s",IF(P94<60,"b) 10-60s",IF(P94<600,"c) 1-10min","d) >10min"))) -> d) >10min | R94: 1847.7 | S94: 1847.66 | T94: Breakeven/trailing stop | U94: =IF(R94="","",IF(F94="BUY",R94-S94,S94-R94)) -> 0.04 | V94: =IF(F94="BUY",S94-J94,J94-S94) -> 0.46 | W94: 3.22 | X94: =IFERROR(W94/N94,0) -> 0.076666667 | Y94: =IF(W94>0,"Win",IF(W94<0,"Loss","Flat")) -> Win | Z94: =Summary!$C$5+SUM(W$2:W94) -> 4517.08 | AA94: =MAX(AA93,Z94) -> 5000 | AB94: =AA94-Z94 -> 482.92 | AC94: =IFERROR(AB94/AA94,0) -> 0.096584 | AD94: BUY STOP at 1847.18 filled at 1847.200 ($0.02 worse). SL $6.00 away = $42 risk. Closed by the EA itself (account guard / blackout / instant close) at 1847.660 after 3h51m: +$3.22 (+0.08R).
A95: 94 | B95: 2022-06 | C95: 44732.376 | D95: Mon | E95: 9 | F95: SELL | G95: RANGE_S | H95: 0.07 | I95: 1841.65 | J95: 1841.65 | K95: =IF(F95="BUY",J95-I95,I95-J95) -> 0 | L95: 1847.65 | M95: =ABS(I95-L95) -> 6 | N95: =M95*H95*Summary!$C$6 -> 42 | O95: 44732.475 | P95: =ROUND((O95-C95)*86400,0) -> 8510 | Q95: =IF(P95<10,"a) <10s",IF(P95<60,"b) 10-60s",IF(P95<600,"c) 1-10min","d) >10min"))) -> d) >10min | R95: 1841.15 | S95: 1841.15 | T95: Breakeven/trailing stop | U95: =IF(R95="","",IF(F95="BUY",R95-S95,S95-R95)) -> 0 | V95: =IF(F95="BUY",S95-J95,J95-S95) -> 0.5 | W95: 3.5 | X95: =IFERROR(W95/N95,0) -> 0.083333333 | Y95: =IF(W95>0,"Win",IF(W95<0,"Loss","Flat")) -> Win | Z95: =Summary!$C$5+SUM(W$2:W95) -> 4520.58 | AA95: =MAX(AA94,Z95) -> 5000 | AB95: =AA95-Z95 -> 479.42 | AC95: =IFERROR(AB95/AA95,0) -> 0.095884 | AD95: SELL STOP at 1841.65 filled at 1841.650 ($0.00 better). SL $6.00 away = $42 risk. Closed by the EA itself (account guard / blackout / instant close) at 1841.150 after 2h21m: +$3.50 (+0.08R).
A96: 95 | B96: 2022-06 | C96: 44733.365 | D96: Tue | E96: 8 | F96: SELL | G96: PDH_S | H96: 0.07 | I96: 1834.49 | J96: 1833.8 | K96: =IF(F96="BUY",J96-I96,I96-J96) -> 0.69 | L96: 1840.49 | M96: =ABS(I96-L96) -> 6 | N96: =M96*H96*Summary!$C$6 -> 42 | O96: 44733.622 | P96: =ROUND((O96-C96)*86400,0) -> 22200 | Q96: =IF(P96<10,"a) <10s",IF(P96<60,"b) 10-60s",IF(P96<600,"c) 1-10min","d) >10min"))) -> d) >10min | R96: 1833.3 | S96: 1833.3 | T96: Breakeven/trailing stop | U96: =IF(R96="","",IF(F96="BUY",R96-S96,S96-R96)) -> 0 | V96: =IF(F96="BUY",S96-J96,J96-S96) -> 0.5 | W96: 3.5 | X96: =IFERROR(W96/N96,0) -> 0.083333333 | Y96: =IF(W96>0,"Win",IF(W96<0,"Loss","Flat")) -> Win | Z96: =Summary!$C$5+SUM(W$2:W96) -> 4524.08 | AA96: =MAX(AA95,Z96) -> 5000 | AB96: =AA96-Z96 -> 475.92 | AC96: =IFERROR(AB96/AA96,0) -> 0.095184 | AD96: SELL STOP at 1834.49 filled at 1833.800 ($0.69 worse). SL $6.00 away = $42 risk. Closed by the EA itself (account guard / blackout / instant close) at 1833.300 after 6h10m: +$3.50 (+0.08R).
A97: 96 | B97: 2022-06 | C97: 44733.71 | D97: Tue | E97: 17 | F97: BUY | G97: RANGE_B | H97: 0.07 | I97: 1840.74 | J97: 1840.76 | K97: =IF(F97="BUY",J97-I97,I97-J97) -> 0.02 | L97: 1834.74 | M97: =ABS(I97-L97) -> 6 | N97: =M97*H97*Summary!$C$6 -> 42 | O97: 44733.739 | P97: =ROUND((O97-C97)*86400,0) -> 2495 | Q97: =IF(P97<10,"a) <10s",IF(P97<60,"b) 10-60s",IF(P97<600,"c) 1-10min","d) >10min"))) -> d) >10min | R97: 1841.26 | S97: 1841.2 | T97: Breakeven/trailing stop | U97: =IF(R97="","",IF(F97="BUY",R97-S97,S97-R97)) -> 0.06 | V97: =IF(F97="BUY",S97-J97,J97-S97) -> 0.44 | W97: 3.08 | X97: =IFERROR(W97/N97,0) -> 0.073333333 | Y97: =IF(W97>0,"Win",IF(W97<0,"Loss","Flat")) -> Win | Z97: =Summary!$C$5+SUM(W$2:W97) -> 4527.16 | AA97: =MAX(AA96,Z97) -> 5000 | AB97: =AA97-Z97 -> 472.84 | AC97: =IFERROR(AB97/AA97,0) -> 0.094568 | AD97: BUY STOP at 1840.74 filled at 1840.760 ($0.02 worse). SL $6.00 away = $42 risk. Closed by the EA itself (account guard / blackout / instant close) at 1841.200 after 41m35s: +$3.08 (+0.07R).
A98: 97 | B98: 2022-06 | C98: 44734.135 | D98: Wed | E98: 3 | F98: SELL | G98: PDH_S | H98: 0.07 | I98: 1828.42 | J98: 1827.97 | K98: =IF(F98="BUY",J98-I98,I98-J98) -> 0.45 | L98: 1834.42 | M98: =ABS(I98-L98) -> 6 | N98: =M98*H98*Summary!$C$6 -> 42 | O98: 44734.245 | P98: =ROUND((O98-C98)*86400,0) -> 9532 | Q98: =IF(P98<10,"a) <10s",IF(P98<60,"b) 10-60s",IF(P98<600,"c) 1-10min","d) >10min"))) -> d) >10min | R98: 1827.47 | S98: 1827.49 | T98: Breakeven/trailing stop | U98: =IF(R98="","",IF(F98="BUY",R98-S98,S98-R98)) -> 0.02 | V98: =IF(F98="BUY",S98-J98,J98-S98) -> 0.48 | W98: 3.36 | X98: =IFERROR(W98/N98,0) -> 0.08 | Y98: =IF(W98>0,"Win",IF(W98<0,"Loss","Flat")) -> Win | Z98: =Summary!$C$5+SUM(W$2:W98) -> 4530.52 | AA98: =MAX(AA97,Z98) -> 5000 | AB98: =AA98-Z98 -> 469.48 | AC98: =IFERROR(AB98/AA98,0) -> 0.093896 | AD98: SELL STOP at 1828.42 filled at 1827.970 ($0.45 worse). SL $6.00 away = $42 risk. Closed by the EA itself (account guard / blackout / instant close) at 1827.490 after 2h38m: +$3.36 (+0.08R).
A99: 98 | B99: 2022-06 | C99: 44734.384 | D99: Wed | E99: 9 | F99: SELL | G99: RANGE_S | H99: 0.07 | I99: 1824.35 | J99: 1824.35 | K99: =IF(F99="BUY",J99-I99,I99-J99) -> 0 | L99: 1830.35 | M99: =ABS(I99-L99) -> 6 | N99: =M99*H99*Summary!$C$6 -> 42 | O99: 44734.445 | P99: =ROUND((O99-C99)*86400,0) -> 5273 | Q99: =IF(P99<10,"a) <10s",IF(P99<60,"b) 10-60s",IF(P99<600,"c) 1-10min","d) >10min"))) -> d) >10min | R99: 1830.35 | S99: 1830.53 | T99: Initial stop loss | U99: =IF(R99="","",IF(F99="BUY",R99-S99,S99-R99)) -> 0.18 | V99: =IF(F99="BUY",S99-J99,J99-S99) -> -6.18 | W99: -43.26 | X99: =IFERROR(W99/N99,0) -> -1.03 | Y99: =IF(W99>0,"Win",IF(W99<0,"Loss","Flat")) -> Loss | Z99: =Summary!$C$5+SUM(W$2:W99) -> 4487.26 | AA99: =MAX(AA98,Z99) -> 5000 | AB99: =AA99-Z99 -> 512.74 | AC99: =IFERROR(AB99/AA99,0) -> 0.102548 | AD99: SELL STOP at 1824.35 filled at 1824.350 ($0.00 better). SL $6.00 away = $42 risk. Price went against it; stopped at 1830.530 after 1h27m: -$43.26 (-1.03R).
A100: 99 | B100: 2022-06 | C100: 44735.521 | D100: Thu | E100: 12 | F100: SELL | G100: RANGE_S | H100: 0.07 | I100: 1830.96 | J100: 1830.94 | K100: =IF(F100="BUY",J100-I100,I100-J100) -> 0.02 | L100: 1836.96 | M100: =ABS(I100-L100) -> 6 | N100: =M100*H100*Summary!$C$6 -> 42 | O100: 44735.63 | P100: =ROUND((O100-C100)*86400,0) -> 9419 | Q100: =IF(P100<10,"a) <10s",IF(P100<60,"b) 10-60s",IF(P100<600,"c) 1-10min","d) >10min"))) -> d) >10min | R100: 1830.44 | S100: 1830.45 | T100: Breakeven/trailing stop | U100: =IF(R100="","",IF(F100="BUY",R100-S100,S100-R100)) -> 0.01 | V100: =IF(F100="BUY",S100-J100,J100-S100) -> 0.49 | W100: 3.43 | X100: =IFERROR(W100/N100,0) -> 0.081666667 | Y100: =IF(W100>0,"Win",IF(W100<0,"Loss","Flat")) -> Win | Z100: =Summary!$C$5+SUM(W$2:W100) -> 4490.69 | AA100: =MAX(AA99,Z100) -> 5000 | AB100: =AA100-Z100 -> 509.31 | AC100: =IFERROR(AB100/AA100,0) -> 0.101862 | AD100: SELL STOP at 1830.96 filled at 1830.940 ($0.02 worse). SL $6.00 away = $42 risk. Closed by the EA itself (account guard / blackout / instant close) at 1830.450 after 2h36m: +$3.43 (+0.08R).
A101: 100 | B101: 2022-06 | C101: 44735.887 | D101: Thu | E101: 21 | F101: SELL | G101: PDH_S | H101: 0.07 | I101: 1823.29 | J101: 1823.29 | K101: =IF(F101="BUY",J101-I101,I101-J101) -> 0 | L101: 1829.29 | M101: =ABS(I101-L101) -> 6 | N101: =M101*H101*Summary!$C$6 -> 42 | O101: 44735.927 | P101: =ROUND((O101-C101)*86400,0) -> 3420 | Q101: =IF(P101<10,"a) <10s",IF(P101<60,"b) 10-60s",IF(P101<600,"c) 1-10min","d) >10min"))) -> d) >10min | S101: 1826.72 | T101: Closed by EA (no SL) | U101: =IF(R101="","",IF(F101="BUY",R101-S101,S101-R101)) | V101: =IF(F101="BUY",S101-J101,J101-S101) -> -3.43 | W101: -24.01 | X101: =IFERROR(W101/N101,0) -> -0.57166667 | Y101: =IF(W101>0,"Win",IF(W101<0,"Loss","Flat")) -> Loss | Z101: =Summary!$C$5+SUM(W$2:W101) -> 4466.68 | AA101: =MAX(AA100,Z101) -> 5000 | AB101: =AA101-Z101 -> 533.32 | AC101: =IFERROR(AB101/AA101,0) -> 0.106664 | AD101: SELL STOP at 1823.29 filled at 1823.290 ($0.00 better). SL $6.00 away = $42 risk. Closed by the EA itself (account guard / blackout / instant close) at 1826.720 after 57m00s: -$24.01 (-0.57R).
A102: 101 | B102: 2022-06 | C102: 44736.15 | D102: Fri | E102: 3 | F102: SELL | G102: PDH_S | H102: 0.07 | I102: 1822.39 | J102: 1822.36 | K102: =IF(F102="BUY",J102-I102,I102-J102) -> 0.03 | L102: 1828.39 | M102: =ABS(I102-L102) -> 6 | N102: =M102*H102*Summary!$C$6 -> 42 | O102: 44736.448 | P102: =ROUND((O102-C102)*86400,0) -> 25821 | Q102: =IF(P102<10,"a) <10s",IF(P102<60,"b) 10-60s",IF(P102<600,"c) 1-10min","d) >10min"))) -> d) >10min | R102: 1828.39 | S102: 1828.43 | T102: Initial stop loss | U102: =IF(R102="","",IF(F102="BUY",R102-S102,S102-R102)) -> 0.04 | V102: =IF(F102="BUY",S102-J102,J102-S102) -> -6.07 | W102: -42.49 | X102: =IFERROR(W102/N102,0) -> -1.0116667 | Y102: =IF(W102>0,"Win",IF(W102<0,"Loss","Flat")) -> Loss | Z102: =Summary!$C$5+SUM(W$2:W102) -> 4424.19 | AA102: =MAX(AA101,Z102) -> 5000 | AB102: =AA102-Z102 -> 575.81 | AC102: =IFERROR(AB102/AA102,0) -> 0.115162 | AD102: SELL STOP at 1822.39 filled at 1822.360 ($0.03 worse). SL $6.00 away = $42 risk. Price went against it; stopped at 1828.430 after 7h10m: -$42.49 (-1.01R).
A103: 102 | B103: 2022-06 | C103: 44739.398 | D103: Mon | E103: 9 | F103: BUY | G103: RANGE_B | H103: 0.07 | I103: 1836.78 | J103: 1836.8 | K103: =IF(F103="BUY",J103-I103,I103-J103) -> 0.02 | L103: 1830.78 | M103: =ABS(I103-L103) -> 6 | N103: =M103*H103*Summary!$C$6 -> 42 | O103: 44739.437 | P103: =ROUND((O103-C103)*86400,0) -> 3322 | Q103: =IF(P103<10,"a) <10s",IF(P103<60,"b) 10-60s",IF(P103<600,"c) 1-10min","d) >10min"))) -> d) >10min | R103: 1837.3 | S103: 1837.27 | T103: Breakeven/trailing stop | U103: =IF(R103="","",IF(F103="BUY",R103-S103,S103-R103)) -> 0.03 | V103: =IF(F103="BUY",S103-J103,J103-S103) -> 0.47 | W103: 3.29 | X103: =IFERROR(W103/N103,0) -> 0.078333333 | Y103: =IF(W103>0,"Win",IF(W103<0,"Loss","Flat")) -> Win | Z103: =Summary!$C$5+SUM(W$2:W103) -> 4427.48 | AA103: =MAX(AA102,Z103) -> 5000 | AB103: =AA103-Z103 -> 572.52 | AC103: =IFERROR(AB103/AA103,0) -> 0.114504 | AD103: BUY STOP at 1836.78 filled at 1836.800 ($0.02 worse). SL $6.00 away = $42 risk. Closed by the EA itself (account guard / blackout / instant close) at 1837.270 after 55m22s: +$3.29 (+0.08R).
A104: 103 | B104: 2022-06 | C104: 44740.38 | D104: Tue | E104: 9 | F104: BUY | G104: RANGE_B | H104: 0.07 | I104: 1826.88 | J104: 1826.89 | K104: =IF(F104="BUY",J104-I104,I104-J104) -> 0.01 | L104: 1820.88 | M104: =ABS(I104-L104) -> 6 | N104: =M104*H104*Summary!$C$6 -> 42 | O104: 44740.411 | P104: =ROUND((O104-C104)*86400,0) -> 2661 | Q104: =IF(P104<10,"a) <10s",IF(P104<60,"b) 10-60s",IF(P104<600,"c) 1-10min","d) >10min"))) -> d) >10min | R104: 1827.39 | S104: 1827.35 | T104: Breakeven/trailing stop | U104: =IF(R104="","",IF(F104="BUY",R104-S104,S104-R104)) -> 0.04 | V104: =IF(F104="BUY",S104-J104,J104-S104) -> 0.46 | W104: 3.22 | X104: =IFERROR(W104/N104,0) -> 0.076666667 | Y104: =IF(W104>0,"Win",IF(W104<0,"Loss","Flat")) -> Win | Z104: =Summary!$C$5+SUM(W$2:W104) -> 4430.7 | AA104: =MAX(AA103,Z104) -> 5000 | AB104: =AA104-Z104 -> 569.3 | AC104: =IFERROR(AB104/AA104,0) -> 0.11386 | AD104: BUY STOP at 1826.88 filled at 1826.890 ($0.01 worse). SL $6.00 away = $42 risk. Closed by the EA itself (account guard / blackout / instant close) at 1827.350 after 44m21s: +$3.22 (+0.08R).
A105: 104 | B105: 2022-06 | C105: 44740.599 | D105: Tue | E105: 14 | F105: SELL | G105: PDH_S | H105: 0.07 | I105: 1820.68 | J105: 1820.4 | K105: =IF(F105="BUY",J105-I105,I105-J105) -> 0.28 | L105: 1826.68 | M105: =ABS(I105-L105) -> 6 | N105: =M105*H105*Summary!$C$6 -> 42 | O105: 44740.63 | P105: =ROUND((O105-C105)*86400,0) -> 2704 | Q105: =IF(P105<10,"a) <10s",IF(P105<60,"b) 10-60s",IF(P105<600,"c) 1-10min","d) >10min"))) -> d) >10min | R105: 1826.68 | S105: 1826.77 | T105: Initial stop loss | U105: =IF(R105="","",IF(F105="BUY",R105-S105,S105-R105)) -> 0.09 | V105: =IF(F105="BUY",S105-J105,J105-S105) -> -6.37 | W105: -44.59 | X105: =IFERROR(W105/N105,0) -> -1.0616667 | Y105: =IF(W105>0,"Win",IF(W105<0,"Loss","Flat")) -> Loss | Z105: =Summary!$C$5+SUM(W$2:W105) -> 4386.11 | AA105: =MAX(AA104,Z105) -> 5000 | AB105: =AA105-Z105 -> 613.89 | AC105: =IFERROR(AB105/AA105,0) -> 0.122778 | AD105: SELL STOP at 1820.68 filled at 1820.400 ($0.28 worse). SL $6.00 away = $42 risk. Price went against it; stopped at 1826.770 after 45m04s: -$44.59 (-1.06R).
A106: 105 | B106: 2022-06 | C106: 44741.105 | D106: Wed | E106: 2 | F106: SELL | G106: PDH_S | H106: 0.07 | I106: 1818.27 | J106: 1818.26 | K106: =IF(F106="BUY",J106-I106,I106-J106) -> 0.01 | L106: 1824.27 | M106: =ABS(I106-L106) -> 6 | N106: =M106*H106*Summary!$C$6 -> 42 | O106: 44741.409 | P106: =ROUND((O106-C106)*86400,0) -> 26334 | Q106: =IF(P106<10,"a) <10s",IF(P106<60,"b) 10-60s",IF(P106<600,"c) 1-10min","d) >10min"))) -> d) >10min | R106: 1817.76 | S106: 1817.78 | T106: Breakeven/trailing stop | U106: =IF(R106="","",IF(F106="BUY",R106-S106,S106-R106)) -> 0.02 | V106: =IF(F106="BUY",S106-J106,J106-S106) -> 0.48 | W106: 3.36 | X106: =IFERROR(W106/N106,0) -> 0.08 | Y106: =IF(W106>0,"Win",IF(W106<0,"Loss","Flat")) -> Win | Z106: =Summary!$C$5+SUM(W$2:W106) -> 4389.47 | AA106: =MAX(AA105,Z106) -> 5000 | AB106: =AA106-Z106 -> 610.53 | AC106: =IFERROR(AB106/AA106,0) -> 0.122106 | AD106: SELL STOP at 1818.27 filled at 1818.260 ($0.01 worse). SL $6.00 away = $42 risk. Closed by the EA itself (account guard / blackout / instant close) at 1817.780 after 7h18m: +$3.36 (+0.08R).
A107: 106 | B107: 2022-06 | C107: 44741.568 | D107: Wed | E107: 13 | F107: BUY | G107: RANGE_B | H107: 0.07 | I107: 1822.28 | J107: 1822.54 | K107: =IF(F107="BUY",J107-I107,I107-J107) -> 0.26 | L107: 1816.28 | M107: =ABS(I107-L107) -> 6 | N107: =M107*H107*Summary!$C$6 -> 42 | O107: 44741.697 | P107: =ROUND((O107-C107)*86400,0) -> 11159 | Q107: =IF(P107<10,"a) <10s",IF(P107<60,"b) 10-60s",IF(P107<600,"c) 1-10min","d) >10min"))) -> d) >10min | R107: 1823.04 | S107: 1822.7 | T107: Breakeven/trailing stop | U107: =IF(R107="","",IF(F107="BUY",R107-S107,S107-R107)) -> 0.34 | V107: =IF(F107="BUY",S107-J107,J107-S107) -> 0.16 | W107: 1.12 | X107: =IFERROR(W107/N107,0) -> 0.026666667 | Y107: =IF(W107>0,"Win",IF(W107<0,"Loss","Flat")) -> Win | Z107: =Summary!$C$5+SUM(W$2:W107) -> 4390.59 | AA107: =MAX(AA106,Z107) -> 5000 | AB107: =AA107-Z107 -> 609.41 | AC107: =IFERROR(AB107/AA107,0) -> 0.121882 | AD107: BUY STOP at 1822.28 filled at 1822.540 ($0.26 worse). SL $6.00 away = $42 risk. Closed by the EA itself (account guard / blackout / instant close) at 1822.700 after 3h05m: +$1.12 (+0.03R).
A108: 107 | B108: 2022-06 | C108: 44742.381 | D108: Thu | E108: 9 | F108: BUY | G108: RANGE_B | H108: 0.07 | I108: 1817.25 | J108: 1817.26 | K108: =IF(F108="BUY",J108-I108,I108-J108) -> 0.01 | L108: 1811.25 | M108: =ABS(I108-L108) -> 6 | N108: =M108*H108*Summary!$C$6 -> 42 | O108: 44742.531 | P108: =ROUND((O108-C108)*86400,0) -> 12958 | Q108: =IF(P108<10,"a) <10s",IF(P108<60,"b) 10-60s",IF(P108<600,"c) 1-10min","d) >10min"))) -> d) >10min | R108: 1811.25 | S108: 1810.97 | T108: Initial stop loss | U108: =IF(R108="","",IF(F108="BUY",R108-S108,S108-R108)) -> 0.28 | V108: =IF(F108="BUY",S108-J108,J108-S108) -> -6.29 | W108: -44.03 | X108: =IFERROR(W108/N108,0) -> -1.0483333 | Y108: =IF(W108>0,"Win",IF(W108<0,"Loss","Flat")) -> Loss | Z108: =Summary!$C$5+SUM(W$2:W108) -> 4346.56 | AA108: =MAX(AA107,Z108) -> 5000 | AB108: =AA108-Z108 -> 653.44 | AC108: =IFERROR(AB108/AA108,0) -> 0.130688 | AD108: BUY STOP at 1817.25 filled at 1817.260 ($0.01 worse). SL $6.00 away = $42 risk. Price went against it; stopped at 1810.970 after 3h35m: -$44.03 (-1.05R).
A109: 108 | B109: 2022-07 | C109: 44743.28 | D109: Fri | E109: 6 | F109: SELL | G109: PDH_S | H109: 0.07 | I109: 1802.62 | J109: 1802.55 | K109: =IF(F109="BUY",J109-I109,I109-J109) -> 0.07 | L109: 1808.62 | M109: =ABS(I109-L109) -> 6 | N109: =M109*H109*Summary!$C$6 -> 42 | O109: 44743.719 | P109: =ROUND((O109-C109)*86400,0) -> 37926 | Q109: =IF(P109<10,"a) <10s",IF(P109<60,"b) 10-60s",IF(P109<600,"c) 1-10min","d) >10min"))) -> d) >10min | R109: 1802.05 | S109: 1802.12 | T109: Breakeven/trailing stop | U109: =IF(R109="","",IF(F109="BUY",R109-S109,S109-R109)) -> 0.07 | V109: =IF(F109="BUY",S109-J109,J109-S109) -> 0.43 | W109: 3.01 | X109: =IFERROR(W109/N109,0) -> 0.071666667 | Y109: =IF(W109>0,"Win",IF(W109<0,"Loss","Flat")) -> Win | Z109: =Summary!$C$5+SUM(W$2:W109) -> 4349.57 | AA109: =MAX(AA108,Z109) -> 5000 | AB109: =AA109-Z109 -> 650.43 | AC109: =IFERROR(AB109/AA109,0) -> 0.130086 | AD109: SELL STOP at 1802.62 filled at 1802.550 ($0.07 worse). SL $6.00 away = $42 risk. Closed by the EA itself (account guard / blackout / instant close) at 1802.120 after 10h32m: +$3.01 (+0.07R).
A110: 109 | B110: 2022-07 | C110: 44743.72 | D110: Fri | E110: 17 | F110: BUY | G110: RANGE_B | H110: 0.07 | I110: 1803 | J110: 1803 | K110: =IF(F110="BUY",J110-I110,I110-J110) -> 0 | L110: 1797 | M110: =ABS(I110-L110) -> 6 | N110: =M110*H110*Summary!$C$6 -> 42 | O110: 44743.803 | P110: =ROUND((O110-C110)*86400,0) -> 7184 | Q110: =IF(P110<10,"a) <10s",IF(P110<60,"b) 10-60s",IF(P110<600,"c) 1-10min","d) >10min"))) -> d) >10min | R110: 1803.5 | S110: 1803.46 | T110: Breakeven/trailing stop | U110: =IF(R110="","",IF(F110="BUY",R110-S110,S110-R110)) -> 0.04 | V110: =IF(F110="BUY",S110-J110,J110-S110) -> 0.46 | W110: 3.22 | X110: =IFERROR(W110/N110,0) -> 0.076666667 | Y110: =IF(W110>0,"Win",IF(W110<0,"Loss","Flat")) -> Win | Z110: =Summary!$C$5+SUM(W$2:W110) -> 4352.79 | AA110: =MAX(AA109,Z110) -> 5000 | AB110: =AA110-Z110 -> 647.21 | AC110: =IFERROR(AB110/AA110,0) -> 0.129442 | AD110: BUY STOP at 1803.00 filled at 1803.000 ($0.00 better). SL $6.00 away = $42 risk. Closed by the EA itself (account guard / blackout / instant close) at 1803.460 after 1h59m: +$3.22 (+0.08R).
A111: 110 | B111: 2022-07 | C111: 44746.397 | D111: Mon | E111: 9 | F111: SELL | G111: RANGE_S | H111: 0.07 | I111: 1810.6 | J111: 1810.51 | K111: =IF(F111="BUY",J111-I111,I111-J111) -> 0.09 | L111: 1816.6 | M111: =ABS(I111-L111) -> 6 | N111: =M111*H111*Summary!$C$6 -> 42 | O111: 44746.723 | P111: =ROUND((O111-C111)*86400,0) -> 28173 | Q111: =IF(P111<10,"a) <10s",IF(P111<60,"b) 10-60s",IF(P111<600,"c) 1-10min","d) >10min"))) -> d) >10min | R111: 1810.01 | S111: 1810.04 | T111: Breakeven/trailing stop | U111: =IF(R111="","",IF(F111="BUY",R111-S111,S111-R111)) -> 0.03 | V111: =IF(F111="BUY",S111-J111,J111-S111) -> 0.47 | W111: 3.29 | X111: =IFERROR(W111/N111,0) -> 0.078333333 | Y111: =IF(W111>0,"Win",IF(W111<0,"Loss","Flat")) -> Win | Z111: =Summary!$C$5+SUM(W$2:W111) -> 4356.08 | AA111: =MAX(AA110,Z111) -> 5000 | AB111: =AA111-Z111 -> 643.92 | AC111: =IFERROR(AB111/AA111,0) -> 0.128784 | AD111: SELL STOP at 1810.60 filled at 1810.510 ($0.09 worse). SL $6.00 away = $42 risk. Closed by the EA itself (account guard / blackout / instant close) at 1810.040 after 7h49m: +$3.29 (+0.08R).
A112: 111 | B112: 2022-07 | C112: 44747.389 | D112: Tue | E112: 9 | F112: SELL | G112: RANGE_S | H112: 0.07 | I112: 1810.1 | J112: 1810.1 | K112: =IF(F112="BUY",J112-I112,I112-J112) -> 0 | L112: 1816.1 | M112: =ABS(I112-L112) -> 6 | N112: =M112*H112*Summary!$C$6 -> 42 | O112: 44747.709 | P112: =ROUND((O112-C112)*86400,0) -> 27615 | Q112: =IF(P112<10,"a) <10s",IF(P112<60,"b) 10-60s",IF(P112<600,"c) 1-10min","d) >10min"))) -> d) >10min | S112: 1778.43 | T112: Take profit | U112: =IF(R112="","",IF(F112="BUY",R112-S112,S112-R112)) | V112: =IF(F112="BUY",S112-J112,J112-S112) -> 31.67 | W112: 221.69 | X112: =IFERROR(W112/N112,0) -> 5.2783333 | Y112: =IF(W112>0,"Win",IF(W112<0,"Loss","Flat")) -> Win | Z112: =Summary!$C$5+SUM(W$2:W112) -> 4577.77 | AA112: =MAX(AA111,Z112) -> 5000 | AB112: =AA112-Z112 -> 422.23 | AC112: =IFERROR(AB112/AA112,0) -> 0.084446 | AD112: SELL STOP at 1810.10 filled at 1810.100 ($0.00 better). SL $6.00 away = $42 risk. Reached the take profit at 1778.430 after 7h40m: +$221.69 (+5.28R).
A113: 112 | B113: 2022-07 | C113: 44748.36 | D113: Wed | E113: 8 | F113: SELL | G113: PDH_S | H113: 0.07 | I113: 1763.75 | J113: 1763.69 | K113: =IF(F113="BUY",J113-I113,I113-J113) -> 0.06 | L113: 1769.75 | M113: =ABS(I113-L113) -> 6 | N113: =M113*H113*Summary!$C$6 -> 42 | O113: 44748.409 | P113: =ROUND((O113-C113)*86400,0) -> 4176 | Q113: =IF(P113<10,"a) <10s",IF(P113<60,"b) 10-60s",IF(P113<600,"c) 1-10min","d) >10min"))) -> d) >10min | R113: 1769.75 | S113: 1769.77 | T113: Initial stop loss | U113: =IF(R113="","",IF(F113="BUY",R113-S113,S113-R113)) -> 0.02 | V113: =IF(F113="BUY",S113-J113,J113-S113) -> -6.08 | W113: -42.56 | X113: =IFERROR(W113/N113,0) -> -1.0133333 | Y113: =IF(W113>0,"Win",IF(W113<0,"Loss","Flat")) -> Loss | Z113: =Summary!$C$5+SUM(W$2:W113) -> 4535.21 | AA113: =MAX(AA112,Z113) -> 5000 | AB113: =AA113-Z113 -> 464.79 | AC113: =IFERROR(AB113/AA113,0) -> 0.092958 | AD113: SELL STOP at 1763.75 filled at 1763.690 ($0.06 worse). SL $6.00 away = $42 risk. Price went against it; stopped at 1769.770 after 1h09m: -$42.56 (-1.01R).
A114: 113 | B114: 2022-07 | C114: 44748.547 | D114: Wed | E114: 13 | F114: SELL | G114: RANGE_S | H114: 0.07 | I114: 1763 | J114: 1763 | K114: =IF(F114="BUY",J114-I114,I114-J114) -> 0 | L114: 1769 | M114: =ABS(I114-L114) -> 6 | N114: =M114*H114*Summary!$C$6 -> 42 | O114: 44748.562 | P114: =ROUND((O114-C114)*86400,0) -> 1272 | Q114: =IF(P114<10,"a) <10s",IF(P114<60,"b) 10-60s",IF(P114<600,"c) 1-10min","d) >10min"))) -> d) >10min | R114: 1762.5 | S114: 1762.52 | T114: Breakeven/trailing stop | U114: =IF(R114="","",IF(F114="BUY",R114-S114,S114-R114)) -> 0.02 | V114: =IF(F114="BUY",S114-J114,J114-S114) -> 0.48 | W114: 3.36 | X114: =IFERROR(W114/N114,0) -> 0.08 | Y114: =IF(W114>0,"Win",IF(W114<0,"Loss","Flat")) -> Win | Z114: =Summary!$C$5+SUM(W$2:W114) -> 4538.57 | AA114: =MAX(AA113,Z114) -> 5000 | AB114: =AA114-Z114 -> 461.43 | AC114: =IFERROR(AB114/AA114,0) -> 0.092286 | AD114: SELL STOP at 1763.00 filled at 1763.000 ($0.00 better). SL $6.00 away = $42 risk. Closed by the EA itself (account guard / blackout / instant close) at 1762.520 after 21m12s: +$3.36 (+0.08R).
A115: 114 | B115: 2022-07 | C115: 44749.414 | D115: Thu | E115: 9 | F115: SELL | G115: RANGE_S | H115: 0.07 | I115: 1743.92 | J115: 1743.9 | K115: =IF(F115="BUY",J115-I115,I115-J115) -> 0.02 | L115: 1749.92 | M115: =ABS(I115-L115) -> 6 | N115: =M115*H115*Summary!$C$6 -> 42 | O115: 44749.44 | P115: =ROUND((O115-C115)*86400,0) -> 2215 | Q115: =IF(P115<10,"a) <10s",IF(P115<60,"b) 10-60s",IF(P115<600,"c) 1-10min","d) >10min"))) -> d) >10min | R115: 1743.4 | S115: 1743.42 | T115: Breakeven/trailing stop | U115: =IF(R115="","",IF(F115="BUY",R115-S115,S115-R115)) -> 0.02 | V115: =IF(F115="BUY",S115-J115,J115-S115) -> 0.48 | W115: 3.36 | X115: =IFERROR(W115/N115,0) -> 0.08 | Y115: =IF(W115>0,"Win",IF(W115<0,"Loss","Flat")) -> Win | Z115: =Summary!$C$5+SUM(W$2:W115) -> 4541.93 | AA115: =MAX(AA114,Z115) -> 5000 | AB115: =AA115-Z115 -> 458.07 | AC115: =IFERROR(AB115/AA115,0) -> 0.091614 | AD115: SELL STOP at 1743.92 filled at 1743.900 ($0.02 worse). SL $6.00 away = $42 risk. Closed by the EA itself (account guard / blackout / instant close) at 1743.420 after 36m55s: +$3.36 (+0.08R).
A116: 115 | B116: 2022-07 | C116: 44750.377 | D116: Fri | E116: 9 | F116: BUY | G116: RANGE_B | H116: 0.07 | I116: 1743.36 | J116: 1743.41 | K116: =IF(F116="BUY",J116-I116,I116-J116) -> 0.05 | L116: 1737.36 | M116: =ABS(I116-L116) -> 6 | N116: =M116*H116*Summary!$C$6 -> 42 | O116: 44750.444 | P116: =ROUND((O116-C116)*86400,0) -> 5744 | Q116: =IF(P116<10,"a) <10s",IF(P116<60,"b) 10-60s",IF(P116<600,"c) 1-10min","d) >10min"))) -> d) >10min | R116: 1737.36 | S116: 1737.31 | T116: Initial stop loss | U116: =IF(R116="","",IF(F116="BUY",R116-S116,S116-R116)) -> 0.05 | V116: =IF(F116="BUY",S116-J116,J116-S116) -> -6.1 | W116: -42.7 | X116: =IFERROR(W116/N116,0) -> -1.0166667 | Y116: =IF(W116>0,"Win",IF(W116<0,"Loss","Flat")) -> Loss | Z116: =Summary!$C$5+SUM(W$2:W116) -> 4499.23 | AA116: =MAX(AA115,Z116) -> 5000 | AB116: =AA116-Z116 -> 500.77 | AC116: =IFERROR(AB116/AA116,0) -> 0.100154 | AD116: BUY STOP at 1743.36 filled at 1743.410 ($0.05 worse). SL $6.00 away = $42 risk. Price went against it; stopped at 1737.310 after 1h35m: -$42.70 (-1.02R).
A117: 116 | B117: 2022-07 | C117: 44750.444 | D117: Fri | E117: 10 | F117: SELL | G117: PDH_S | H117: 0.07 | I117: 1736.36 | J117: 1735.91 | K117: =IF(F117="BUY",J117-I117,I117-J117) -> 0.45 | L117: 1742.36 | M117: =ABS(I117-L117) -> 6 | N117: =M117*H117*Summary!$C$6 -> 42 | O117: 44750.45 | P117: =ROUND((O117-C117)*86400,0) -> 495 | Q117: =IF(P117<10,"a) <10s",IF(P117<60,"b) 10-60s",IF(P117<600,"c) 1-10min","d) >10min"))) -> c) 1-10min | R117: 1735.41 | S117: 1735.44 | T117: Breakeven/trailing stop | U117: =IF(R117="","",IF(F117="BUY",R117-S117,S117-R117)) -> 0.03 | V117: =IF(F117="BUY",S117-J117,J117-S117) -> 0.47 | W117: 3.29 | X117: =IFERROR(W117/N117,0) -> 0.078333333 | Y117: =IF(W117>0,"Win",IF(W117<0,"Loss","Flat")) -> Win | Z117: =Summary!$C$5+SUM(W$2:W117) -> 4502.52 | AA117: =MAX(AA116,Z117) -> 5000 | AB117: =AA117-Z117 -> 497.48 | AC117: =IFERROR(AB117/AA117,0) -> 0.099496 | AD117: SELL STOP at 1736.36 filled at 1735.910 ($0.45 worse). SL $6.00 away = $42 risk. Closed by the EA itself (account guard / blackout / instant close) at 1735.440 after 8m15s: +$3.29 (+0.08R).
A118: 117 | B118: 2022-07 | C118: 44753.38 | D118: Mon | E118: 9 | F118: SELL | G118: RANGE_S | H118: 0.07 | I118: 1739.7 | J118: 1739.7 | K118: =IF(F118="BUY",J118-I118,I118-J118) -> 0 | L118: 1745.7 | M118: =ABS(I118-L118) -> 6 | N118: =M118*H118*Summary!$C$6 -> 42 | O118: 44753.495 | P118: =ROUND((O118-C118)*86400,0) -> 9963 | Q118: =IF(P118<10,"a) <10s",IF(P118<60,"b) 10-60s",IF(P118<600,"c) 1-10min","d) >10min"))) -> d) >10min | R118: 1739.2 | S118: 1739.2 | T118: Breakeven/trailing stop | U118: =IF(R118="","",IF(F118="BUY",R118-S118,S118-R118)) -> 0 | V118: =IF(F118="BUY",S118-J118,J118-S118) -> 0.5 | W118: 3.5 | X118: =IFERROR(W118/N118,0) -> 0.083333333 | Y118: =IF(W118>0,"Win",IF(W118<0,"Loss","Flat")) -> Win | Z118: =Summary!$C$5+SUM(W$2:W118) -> 4506.02 | AA118: =MAX(AA117,Z118) -> 5000 | AB118: =AA118-Z118 -> 493.98 | AC118: =IFERROR(AB118/AA118,0) -> 0.098796 | AD118: SELL STOP at 1739.70 filled at 1739.700 ($0.00 better). SL $6.00 away = $42 risk. Closed by the EA itself (account guard / blackout / instant close) at 1739.200 after 2h46m: +$3.50 (+0.08R).
A119: 118 | B119: 2022-07 | C119: 44753.853 | D119: Mon | E119: 20 | F119: SELL | G119: PDH_S | H119: 0.07 | I119: 1732.92 | J119: 1732.9 | K119: =IF(F119="BUY",J119-I119,I119-J119) -> 0.02 | L119: 1738.92 | M119: =ABS(I119-L119) -> 6 | N119: =M119*H119*Summary!$C$6 -> 42 | O119: 44753.927 | P119: =ROUND((O119-C119)*86400,0) -> 6358 | Q119: =IF(P119<10,"a) <10s",IF(P119<60,"b) 10-60s",IF(P119<600,"c) 1-10min","d) >10min"))) -> d) >10min | S119: 1733.97 | T119: Closed by EA (no SL) | U119: =IF(R119="","",IF(F119="BUY",R119-S119,S119-R119)) | V119: =IF(F119="BUY",S119-J119,J119-S119) -> -1.07 | W119: -7.49 | X119: =IFERROR(W119/N119,0) -> -0.17833333 | Y119: =IF(W119>0,"Win",IF(W119<0,"Loss","Flat")) -> Loss | Z119: =Summary!$C$5+SUM(W$2:W119) -> 4498.53 | AA119: =MAX(AA118,Z119) -> 5000 | AB119: =AA119-Z119 -> 501.47 | AC119: =IFERROR(AB119/AA119,0) -> 0.100294 | AD119: SELL STOP at 1732.92 filled at 1732.900 ($0.02 worse). SL $6.00 away = $42 risk. Closed by the EA itself (account guard / blackout / instant close) at 1733.970 after 1h45m: -$7.49 (-0.18R).
A120: 119 | B120: 2022-07 | C120: 44754.168 | D120: Tue | E120: 4 | F120: SELL | G120: PDH_S | H120: 0.07 | I120: 1731.13 | J120: 1730.77 | K120: =IF(F120="BUY",J120-I120,I120-J120) -> 0.36 | L120: 1737.13 | M120: =ABS(I120-L120) -> 6 | N120: =M120*H120*Summary!$C$6 -> 42 | O120: 44754.169 | P120: =ROUND((O120-C120)*86400,0) -> 131 | Q120: =IF(P120<10,"a) <10s",IF(P120<60,"b) 10-60s",IF(P120<600,"c) 1-10min","d) >10min"))) -> c) 1-10min | R120: 1730.27 | S120: 1730.27 | T120: Breakeven/trailing stop | U120: =IF(R120="","",IF(F120="BUY",R120-S120,S120-R120)) -> 0 | V120: =IF(F120="BUY",S120-J120,J120-S120) -> 0.5 | W120: 3.5 | X120: =IFERROR(W120/N120,0) -> 0.083333333 | Y120: =IF(W120>0,"Win",IF(W120<0,"Loss","Flat")) -> Win | Z120: =Summary!$C$5+SUM(W$2:W120) -> 4502.03 | AA120: =MAX(AA119,Z120) -> 5000 | AB120: =AA120-Z120 -> 497.97 | AC120: =IFERROR(AB120/AA120,0) -> 0.099594 | AD120: SELL STOP at 1731.13 filled at 1730.770 ($0.36 worse). SL $6.00 away = $42 risk. Closed by the EA itself (account guard / blackout / instant close) at 1730.270 after 2m11s: +$3.50 (+0.08R).
A121: 120 | B121: 2022-07 | C121: 44754.399 | D121: Tue | E121: 9 | F121: BUY | G121: RANGE_B | H121: 0.07 | I121: 1733.33 | J121: 1733.35 | K121: =IF(F121="BUY",J121-I121,I121-J121) -> 0.02 | L121: 1727.33 | M121: =ABS(I121-L121) -> 6 | N121: =M121*H121*Summary!$C$6 -> 42 | O121: 44754.417 | P121: =ROUND((O121-C121)*86400,0) -> 1581 | Q121: =IF(P121<10,"a) <10s",IF(P121<60,"b) 10-60s",IF(P121<600,"c) 1-10min","d) >10min"))) -> d) >10min | R121: 1733.85 | S121: 1733.84 | T121: Breakeven/trailing stop | U121: =IF(R121="","",IF(F121="BUY",R121-S121,S121-R121)) -> 0.01 | V121: =IF(F121="BUY",S121-J121,J121-S121) -> 0.49 | W121: 3.43 | X121: =IFERROR(W121/N121,0) -> 0.081666667 | Y121: =IF(W121>0,"Win",IF(W121<0,"Loss","Flat")) -> Win | Z121: =Summary!$C$5+SUM(W$2:W121) -> 4505.46 | AA121: =MAX(AA120,Z121) -> 5000 | AB121: =AA121-Z121 -> 494.54 | AC121: =IFERROR(AB121/AA121,0) -> 0.098908 | AD121: BUY STOP at 1733.33 filled at 1733.350 ($0.02 worse). SL $6.00 away = $42 risk. Closed by the EA itself (account guard / blackout / instant close) at 1733.840 after 26m21s: +$3.43 (+0.08R).
A122: 121 | B122: 2022-07 | C122: 44755.163 | D122: Wed | E122: 3 | F122: SELL | G122: PDH_S | H122: 0.07 | I122: 1723.05 | J122: 1723.05 | K122: =IF(F122="BUY",J122-I122,I122-J122) -> 0 | L122: 1729.05 | M122: =ABS(I122-L122) -> 6 | N122: =M122*H122*Summary!$C$6 -> 42 | O122: 44755.25 | P122: =ROUND((O122-C122)*86400,0) -> 7468 | Q122: =IF(P122<10,"a) <10s",IF(P122<60,"b) 10-60s",IF(P122<600,"c) 1-10min","d) >10min"))) -> d) >10min | R122: 1729.05 | S122: 1729.06 | T122: Initial stop loss | U122: =IF(R122="","",IF(F122="BUY",R122-S122,S122-R122)) -> 0.01 | V122: =IF(F122="BUY",S122-J122,J122-S122) -> -6.01 | W122: -42.07 | X122: =IFERROR(W122/N122,0) -> -1.0016667 | Y122: =IF(W122>0,"Win",IF(W122<0,"Loss","Flat")) -> Loss | Z122: =Summary!$C$5+SUM(W$2:W122) -> 4463.39 | AA122: =MAX(AA121,Z122) -> 5000 | AB122: =AA122-Z122 -> 536.61 | AC122: =IFERROR(AB122/AA122,0) -> 0.107322 | AD122: SELL STOP at 1723.05 filled at 1723.050 ($0.00 better). SL $6.00 away = $42 risk. Price went against it; stopped at 1729.060 after 2h04m: -$42.07 (-1.00R).
A123: 122 | B123: 2022-07 | C123: 44755.386 | D123: Wed | E123: 9 | F123: SELL | G123: RANGE_S | H123: 0.07 | I123: 1724.1 | J123: 1724.09 | K123: =IF(F123="BUY",J123-I123,I123-J123) -> 0.01 | L123: 1730.1 | M123: =ABS(I123-L123) -> 6 | N123: =M123*H123*Summary!$C$6 -> 42 | O123: 44755.508 | P123: =ROUND((O123-C123)*86400,0) -> 10592 | Q123: =IF(P123<10,"a) <10s",IF(P123<60,"b) 10-60s",IF(P123<600,"c) 1-10min","d) >10min"))) -> d) >10min | R123: 1730.1 | S123: 1730.13 | T123: Initial stop loss | U123: =IF(R123="","",IF(F123="BUY",R123-S123,S123-R123)) -> 0.03 | V123: =IF(F123="BUY",S123-J123,J123-S123) -> -6.04 | W123: -42.28 | X123: =IFERROR(W123/N123,0) -> -1.0066667 | Y123: =IF(W123>0,"Win",IF(W123<0,"Loss","Flat")) -> Loss | Z123: =Summary!$C$5+SUM(W$2:W123) -> 4421.11 | AA123: =MAX(AA122,Z123) -> 5000 | AB123: =AA123-Z123 -> 578.89 | AC123: =IFERROR(AB123/AA123,0) -> 0.115778 | AD123: SELL STOP at 1724.10 filled at 1724.090 ($0.01 worse). SL $6.00 away = $42 risk. Price went against it; stopped at 1730.130 after 2h56m: -$42.28 (-1.01R).
A124: 123 | B124: 2022-07 | C124: 44756.383 | D124: Thu | E124: 9 | F124: SELL | G124: RANGE_S | H124: 0.07 | I124: 1726.06 | J124: 1726.06 | K124: =IF(F124="BUY",J124-I124,I124-J124) -> 0 | L124: 1732.06 | M124: =ABS(I124-L124) -> 6 | N124: =M124*H124*Summary!$C$6 -> 42 | O124: 44756.393 | P124: =ROUND((O124-C124)*86400,0) -> 840 | Q124: =IF(P124<10,"a) <10s",IF(P124<60,"b) 10-60s",IF(P124<600,"c) 1-10min","d) >10min"))) -> d) >10min | R124: 1725.56 | S124: 1725.66 | T124: Breakeven/trailing stop | U124: =IF(R124="","",IF(F124="BUY",R124-S124,S124-R124)) -> 0.1 | V124: =IF(F124="BUY",S124-J124,J124-S124) -> 0.4 | W124: 2.8 | X124: =IFERROR(W124/N124,0) -> 0.066666667 | Y124: =IF(W124>0,"Win",IF(W124<0,"Loss","Flat")) -> Win | Z124: =Summary!$C$5+SUM(W$2:W124) -> 4423.91 | AA124: =MAX(AA123,Z124) -> 5000 | AB124: =AA124-Z124 -> 576.09 | AC124: =IFERROR(AB124/AA124,0) -> 0.115218 | AD124: SELL STOP at 1726.06 filled at 1726.060 ($0.00 better). SL $6.00 away = $42 risk. Closed by the EA itself (account guard / blackout / instant close) at 1725.660 after 14m00s: +$2.80 (+0.07R).
A125: 124 | B125: 2022-07 | C125: 44756.667 | D125: Thu | E125: 16 | F125: SELL | G125: PDH_S | H125: 0.07 | I125: 1706.95 | J125: 1706.88 | K125: =IF(F125="BUY",J125-I125,I125-J125) -> 0.07 | L125: 1712.95 | M125: =ABS(I125-L125) -> 6 | N125: =M125*H125*Summary!$C$6 -> 42 | O125: 44756.669 | P125: =ROUND((O125-C125)*86400,0) -> 131 | Q125: =IF(P125<10,"a) <10s",IF(P125<60,"b) 10-60s",IF(P125<600,"c) 1-10min","d) >10min"))) -> c) 1-10min | R125: 1706.38 | S125: 1706.39 | T125: Breakeven/trailing stop | U125: =IF(R125="","",IF(F125="BUY",R125-S125,S125-R125)) -> 0.01 | V125: =IF(F125="BUY",S125-J125,J125-S125) -> 0.49 | W125: 3.43 | X125: =IFERROR(W125/N125,0) -> 0.081666667 | Y125: =IF(W125>0,"Win",IF(W125<0,"Loss","Flat")) -> Win | Z125: =Summary!$C$5+SUM(W$2:W125) -> 4427.34 | AA125: =MAX(AA124,Z125) -> 5000 | AB125: =AA125-Z125 -> 572.66 | AC125: =IFERROR(AB125/AA125,0) -> 0.114532 | AD125: SELL STOP at 1706.95 filled at 1706.880 ($0.07 worse). SL $6.00 away = $42 risk. Closed by the EA itself (account guard / blackout / instant close) at 1706.390 after 2m11s: +$3.43 (+0.08R).
A126: 125 | B126: 2022-07 | C126: 44757.378 | D126: Fri | E126: 9 | F126: SELL | G126: RANGE_S | H126: 0.07 | I126: 1707.38 | J126: 1707.33 | K126: =IF(F126="BUY",J126-I126,I126-J126) -> 0.05 | L126: 1713.38 | M126: =ABS(I126-L126) -> 6 | N126: =M126*H126*Summary!$C$6 -> 42 | O126: 44757.58 | P126: =ROUND((O126-C126)*86400,0) -> 17508 | Q126: =IF(P126<10,"a) <10s",IF(P126<60,"b) 10-60s",IF(P126<600,"c) 1-10min","d) >10min"))) -> d) >10min | R126: 1706.83 | S126: 1706.83 | T126: Breakeven/trailing stop | U126: =IF(R126="","",IF(F126="BUY",R126-S126,S126-R126)) -> 0 | V126: =IF(F126="BUY",S126-J126,J126-S126) -> 0.5 | W126: 3.5 | X126: =IFERROR(W126/N126,0) -> 0.083333333 | Y126: =IF(W126>0,"Win",IF(W126<0,"Loss","Flat")) -> Win | Z126: =Summary!$C$5+SUM(W$2:W126) -> 4430.84 | AA126: =MAX(AA125,Z126) -> 5000 | AB126: =AA126-Z126 -> 569.16 | AC126: =IFERROR(AB126/AA126,0) -> 0.113832 | AD126: SELL STOP at 1707.38 filled at 1707.330 ($0.05 worse). SL $6.00 away = $42 risk. Closed by the EA itself (account guard / blackout / instant close) at 1706.830 after 4h51m: +$3.50 (+0.08R).
A127: 126 | B127: 2022-07 | C127: 44760.261 | D127: Mon | E127: 6 | F127: BUY | G127: PDH_B | H127: 0.07 | I127: 1716.52 | J127: 1716.54 | K127: =IF(F127="BUY",J127-I127,I127-J127) -> 0.02 | L127: 1710.52 | M127: =ABS(I127-L127) -> 6 | N127: =M127*H127*Summary!$C$6 -> 42 | O127: 44760.569 | P127: =ROUND((O127-C127)*86400,0) -> 26565 | Q127: =IF(P127<10,"a) <10s",IF(P127<60,"b) 10-60s",IF(P127<600,"c) 1-10min","d) >10min"))) -> d) >10min | R127: 1717.04 | S127: 1716.98 | T127: Breakeven/trailing stop | U127: =IF(R127="","",IF(F127="BUY",R127-S127,S127-R127)) -> 0.06 | V127: =IF(F127="BUY",S127-J127,J127-S127) -> 0.44 | W127: 3.08 | X127: =IFERROR(W127/N127,0) -> 0.073333333 | Y127: =IF(W127>0,"Win",IF(W127<0,"Loss","Flat")) -> Win | Z127: =Summary!$C$5+SUM(W$2:W127) -> 4433.92 | AA127: =MAX(AA126,Z127) -> 5000 | AB127: =AA127-Z127 -> 566.08 | AC127: =IFERROR(AB127/AA127,0) -> 0.113216 | AD127: BUY STOP at 1716.52 filled at 1716.540 ($0.02 worse). SL $6.00 away = $42 risk. Closed by the EA itself (account guard / blackout / instant close) at 1716.980 after 7h22m: +$3.08 (+0.07R).
A128: 127 | B128: 2022-07 | C128: 44761.136 | D128: Tue | E128: 3 | F128: SELL | G128: PDH_S | H128: 0.07 | I128: 1705.76 | J128: 1705.76 | K128: =IF(F128="BUY",J128-I128,I128-J128) -> 0 | L128: 1711.76 | M128: =ABS(I128-L128) -> 6 | N128: =M128*H128*Summary!$C$6 -> 42 | O128: 44761.457 | P128: =ROUND((O128-C128)*86400,0) -> 27735 | Q128: =IF(P128<10,"a) <10s",IF(P128<60,"b) 10-60s",IF(P128<600,"c) 1-10min","d) >10min"))) -> d) >10min | R128: 1711.76 | S128: 1711.76 | T128: Initial stop loss | U128: =IF(R128="","",IF(F128="BUY",R128-S128,S128-R128)) -> 0 | V128: =IF(F128="BUY",S128-J128,J128-S128) -> -6 | W128: -42 | X128: =IFERROR(W128/N128,0) -> -1 | Y128: =IF(W128>0,"Win",IF(W128<0,"Loss","Flat")) -> Loss | Z128: =Summary!$C$5+SUM(W$2:W128) -> 4391.92 | AA128: =MAX(AA127,Z128) -> 5000 | AB128: =AA128-Z128 -> 608.08 | AC128: =IFERROR(AB128/AA128,0) -> 0.121616 | AD128: SELL STOP at 1705.76 filled at 1705.760 ($0.00 better). SL $6.00 away = $42 risk. Price went against it; stopped at 1711.760 after 7h42m: -$42.00 (-1.00R).
A129: 128 | B129: 2022-07 | C129: 44762.377 | D129: Wed | E129: 9 | F129: SELL | G129: RANGE_S | H129: 0.07 | I129: 1708.12 | J129: 1708.03 | K129: =IF(F129="BUY",J129-I129,I129-J129) -> 0.09 | L129: 1714.12 | M129: =ABS(I129-L129) -> 6 | N129: =M129*H129*Summary!$C$6 -> 42 | O129: 44762.526 | P129: =ROUND((O129-C129)*86400,0) -> 12897 | Q129: =IF(P129<10,"a) <10s",IF(P129<60,"b) 10-60s",IF(P129<600,"c) 1-10min","d) >10min"))) -> d) >10min | R129: 1714.12 | S129: 1714.19 | T129: Initial stop loss | U129: =IF(R129="","",IF(F129="BUY",R129-S129,S129-R129)) -> 0.07 | V129: =IF(F129="BUY",S129-J129,J129-S129) -> -6.16 | W129: -43.12 | X129: =IFERROR(W129/N129,0) -> -1.0266667 | Y129: =IF(W129>0,"Win",IF(W129<0,"Loss","Flat")) -> Loss | Z129: =Summary!$C$5+SUM(W$2:W129) -> 4348.8 | AA129: =MAX(AA128,Z129) -> 5000 | AB129: =AA129-Z129 -> 651.2 | AC129: =IFERROR(AB129/AA129,0) -> 0.13024 | AD129: SELL STOP at 1708.12 filled at 1708.030 ($0.09 worse). SL $6.00 away = $42 risk. Price went against it; stopped at 1714.190 after 3h34m: -$43.12 (-1.03R).
...

Sheet Settings
A1: Test settings and what they mean
A3: Expert | B3: XAUUSD_Simple_Breakout_v7
A4: Symbol | B4: XAUUSD.T
A5: Period | B5: H1 (2022.04.01 - 2026.10.01)
A6: Initial deposit | B6: 5000
A7: Leverage | B7: 1:100
A8: History quality | B8: 100% real ticks
A10: Input | B10: Value | C10: Meaning
A11: 0. Symbol / units
A12: InpDistUnit | B12: 0
A13: 1. Setups (SERVER time, HH:MM)
A14: InpUsePDH | B14: true
A15: InpPDHStart | B15: 01:15
A16: InpUseRange | B16: true
A17: InpRangeStart | B17: 07:00
A18: InpRangeEnd | B18: 09:00
A19: InpRangeTZ | B19: 0
A20: InpServerUTCWinter | B20: 2
A21: InpServerDST | B21: 0
A22: InpUse4H | B22: false
A23: InpH4From | B23: 08:00
A24: InpH4To | B24: 20:00
A25: InpTradeEnd | B25: 22:00
... A27: InpCloseMode | B27: 0
A28: 2. Entry
A29: InpEntryMode | B29: 0
A30: InpEntryPDH | B30: 0
A31: InpEntryRange | B31: 0
A32: InpEntryH4 | B32: 0
A33: InpDirection | B33: 0
A34: InpConfirmTF | B34: 5
A35: InpBuffer_USD | B35: 0
A36: InpMaxSlip_USD | B36: 0.5
A37: InpMaxChase_USD | B37: 3
A38: InpMaxSpread_USD | B38: 0.6
A39: InpSkipBroken | B39: true
A40: InpBrokenTol_USD | B40: 0
A41: 3. Exit (distances in the unit chosen in section 0)
A42: InpSL_USD | B42: 6
A43: InpRR | B43: 5
A44: InpBE_Trigger_USD | B44: 2
A45: InpBE_Lock_USD | B45: 0.5
A46: InpTrailStart_USD | B46: 0
A47: InpTrailDist_USD | B47: 4
A48: InpTrailStep_USD | B48: 0.5
A49: 4. Filters
A50: InpTradeMon | B50: true
A51: InpTradeTue | B51: true
A52: InpTradeWed | B52: true
A53: InpTradeThu | B53: true
A54: InpTradeFri | B54: true
A55: InpNoTrade1
A56: InpNoTrade2
A57: InpWindowCancel | B57: true
A58: InpWindowClose | B58: false
A59: InpNoTradeDates
A60: InpMinLevelRange_USD | B60: 0
A61: InpMaxLevelRange_USD | B61: 0
A62: 5. Risk
A63: InpRiskPct | B63: 1 | C63: Risk % of balance per trade.
A64: InpMaxTradesDay | B64: 6
A65: InpMaxDailyLossPct | B65: 2.5
A66: InpMagic | B66: 700000
A67: 6. Optimisation: Custom max (Strategy Tester only)
A68: InpScore | B68: 0
A69: InpMinTrades | B69: 100
A70: InpScoreMaxDD | B70: 10
A71: InpScoreWorstR | B71: 3
A72: 7. Diagnostics
A73: InpTradeLog | B73: true
A74: InpPostExitMin | B74: 240
A75: InpLogTag
