Workbook

Sheet Read Me
A1: Monte Carlo analysis: how to read it
A3: Why | B3: A backtest is ONE path. Monte Carlo replays the same trades thousands of times in other orders and combinations to show the range of drawdowns, streaks and profits you could realistically get.
A4: Summary | B4: Reshuffle and bootstrap results with percentiles, and the main findings.
A5: Risk Levels | B5: Return and drawdown if the EA risked 0.25% / 0.5% / 1% / 2% of balance per trade.
A6: Prop Challenge | B6: Pass / fail rates for an 8% (phase 1) and 5% (phase 2) target with 5% daily and 10% max loss.
A7: Spread Stress | B7: The same simulation with 1 and 2 points of spread cost per trade.
A8: Fan Chart | B8: The backtest balance against the 5/25/50/75/95% bands of the bootstrap.
A9: Histograms | B9: Distribution of max drawdown and of net profit.
A10: Sim Data | B10: One row per simulation run (raw results). The percentile formulas read from here.
A12: Percentiles | B12: Worst 5% = 1 run in 20 was worse than this. Median = half the runs were better, half worse.
A13: Limits | B13: Monte Carlo assumes future trades look like the backtest's trades and are independent of each other. It cannot show risks the backtest never contained (regime change, real spread, slippage, outages).
A14: Colours | B14: Blue = values from the simulation or the report. Black = formulas. Yellow = inputs you may change.

Sheet Summary
B1: Monte Carlo analysis
B2: Pdh pdl m1 atr | NDX100.m_S0 | M1 (2022.04.01 - 2026.10.01) | 1145 trades
B3: 5,000 simulations per test (prop challenge: 2,000), random seed 20261016. Raw results on 'Sim Data'; the percentiles below are formulas over them.
B4: WARNING: the test ran with 'Profit in pips' - $ amounts are pip units, not money. The % results on Risk Levels and Prop Challenge use R multiples and are valid.
B5: Starting balance | C5: 10000 | I5: From the report.
B6: Max drawdown limit to test against | C6: 0.1 | I6: Change it: the 'chance of reaching it' rows recalculate.
B8: 1. RESHUFFLE - same trades, random order | I8: Profit is identical in every run; only the ORDER changes. Shows how deep the drawdown and how long the losing streaks could have been with the same trades.
B9: Metric | C9: Backtest | D9: Best 5% | E9: 25% | F9: Median | G9: 75% | H9: Worst 5%
B10: Max drawdown $ | C10: 1669.23 | D10: =PERCENTILE('Sim Data'!$B$2:$B$5001,0.05) -> 1223.2325 | E10: =PERCENTILE('Sim Data'!$B$2:$B$5001,0.25) -> 1484.2325 | F10: =PERCENTILE('Sim Data'!$B$2:$B$5001,0.5) -> 1732.165 | G10: =PERCENTILE('Sim Data'!$B$2:$B$5001,0.75) -> 2069.125 | H10: =PERCENTILE('Sim Data'!$B$2:$B$5001,0.95) -> 2700.254
B11: Max drawdown % | C11: 0.10345289 | D11: =PERCENTILE('Sim Data'!$C$2:$C$5001,0.05) -> 0.0728967 | E11: =PERCENTILE('Sim Data'!$C$2:$C$5001,0.25) -> 0.09146325 | F11: =PERCENTILE('Sim Data'!$C$2:$C$5001,0.5) -> 0.109544 | G11: =PERCENTILE('Sim Data'!$C$2:$C$5001,0.75) -> 0.136611 | H11: =PERCENTILE('Sim Data'!$C$2:$C$5001,0.95) -> 0.19061935
B12: Longest losing streak (trades) | C12: 20 | D12: =PERCENTILE('Sim Data'!$D$2:$D$5001,0.05) -> 14 | E12: =PERCENTILE('Sim Data'!$D$2:$D$5001,0.25) -> 16 | F12: =PERCENTILE('Sim Data'!$D$2:$D$5001,0.5) -> 18 | G12: =PERCENTILE('Sim Data'!$D$2:$D$5001,0.75) -> 20 | H12: =PERCENTILE('Sim Data'!$D$2:$D$5001,0.95) -> 25
B13: Runs with a deeper drawdown than the backtest | C13: =COUNTIF('Sim Data'!$C$2:$C$5001,">"&C11)/5000 -> 0.5824 | I13: Low % = the backtest order was unlucky; high % = the backtest was lucky and real drawdowns will likely be deeper.
B14: Chance the drawdown reaches the limit (C6) | C14: =COUNTIF('Sim Data'!$C$2:$C$5001,">="&$C$6)/5000 -> 0.6338
B16: 2. BOOTSTRAP - trades drawn at random with replacement | I16: Each run draws 1145 trades from the backtest's trades (some twice, some not at all). Shows how much the profit itself could vary over a period of the same length.
B17: Metric | C17: Backtest | D17: Worst 5% | E17: 25% | F17: Median | G17: 75% | H17: Best 5%
B18: Net profit $ | C18: 14640.25 | D18: =PERCENTILE('Sim Data'!$E$2:$E$5001,0.05) -> 7586.4145 | E18: =PERCENTILE('Sim Data'!$E$2:$E$5001,0.25) -> 11765.798 | F18: =PERCENTILE('Sim Data'!$E$2:$E$5001,0.5) -> 14564.635 | G18: =PERCENTILE('Sim Data'!$E$2:$E$5001,0.75) -> 17693.737 | H18: =PERCENTILE('Sim Data'!$E$2:$E$5001,0.95) -> 21772.652
B19: Metric | C19: Backtest | D19: Best 5% | E19: 25% | F19: Median | G19: 75% | H19: Worst 5%
B20: Max drawdown $ | C20: 1669.23 | D20: =PERCENTILE('Sim Data'!$F$2:$F$5001,0.05) -> 1123.981 | E20: =PERCENTILE('Sim Data'!$F$2:$F$5001,0.25) -> 1438.0375 | F20: =PERCENTILE('Sim Data'!$F$2:$F$5001,0.5) -> 1747.99 | G20: =PERCENTILE('Sim Data'!$F$2:$F$5001,0.75) -> 2165.68 | H20: =PERCENTILE('Sim Data'!$F$2:$F$5001,0.95) -> 3004.8145
B21: Max drawdown % | C21: 0.10345289 | D21: =PERCENTILE('Sim Data'!$G$2:$G$5001,0.05) -> 0.06515435 | E21: =PERCENTILE('Sim Data'!$G$2:$G$5001,0.25) -> 0.08734675 | F21: =PERCENTILE('Sim Data'!$G$2:$G$5001,0.5) -> 0.1111035 | G21: =PERCENTILE('Sim Data'!$G$2:$G$5001,0.75) -> 0.14552075 | H21: =PERCENTILE('Sim Data'!$G$2:$G$5001,0.95) -> 0.2183022
B22: Chance of ending with a loss | C22: =COUNTIF('Sim Data'!$E$2:$E$5001,"<0")/5000 -> 0.0002
B23: Chance the drawdown reaches the limit (C6) | C23: =COUNTIF('Sim Data'!$G$2:$G$5001,">="&$C$6)/5000 -> 0.6194
B25: FINDINGS
B26: 1. Order luck: the backtest's max drawdown 10.35% vs a median of 10.95% and a worst-5% of 19.06% when the same trades are reshuffled. 58% of orders give a deeper drawdown. Plan for the worst-5% figure, not the backtest's.
B27: 2. Profit uncertainty: over 1145 trades (~4.5 years) the net profit ranges from $7,586 (worst 5%) to $21,773 (best 5%), median $14,565. Chance of a net loss over the whole period: 0.0%.
B28: 3. Losing streaks: expect up to 25 losses in a row (worst 5%), the backtest had 20. With a 28% win rate long streaks are normal, not a sign the EA is broken.
B29: 4. Risk per trade: the backtest risked only 0.38% per trade. At 0.25% the median return over the period is 80% with a worst-5% drawdown of 7.7% - the highest tested level that stays under 10%. See 'Risk Levels'.
B30: 5. Prop challenge (8% target, 5% daily, 10% max, max 260 trading days): pass rate 87% at 0.25%, 97% at 0.5%, 95% at 0.75%, 90% at 1%, 82% at 1.5%. Best: 0.5% risk. See 'Prop Challenge' for fail reasons and days needed.
B31: 6. Spread: this test ran on a zero-spread symbol. Paying 1 point per trade would cut the net profit to $10,252, 2 points to $5,864 (from $14,640). Test the EA on the broker's real-spread symbol before trusting these numbers.

Sheet Risk Levels
A1: What if the EA risked a different % per trade? (compounding, bootstrap of R multiples)
A2: Each run draws 1145 trades' R multiples (~4.5 years) and risks a fixed % of the CURRENT balance per trade. The first row is the backtest's own average risk (0.38%).
A4: Risk per trade | B4: Return: worst 5% | C4: 25% | D4: Median | E4: 75% | F4: Best 5% | G4: Max DD: median | H4: Max DD: worst 5% | I4: Chance DD >= limit | J4: Note
A5: 0.0037934227 | B5: =PERCENTILE('Sim Data'!$H$2:$H$5001,0.05) -> 0.7526999 | C5: =PERCENTILE('Sim Data'!$H$2:$H$5001,0.25) -> 1.1295887 | D5: =PERCENTILE('Sim Data'!$H$2:$H$5001,0.5) -> 1.420203 | E5: =PERCENTILE('Sim Data'!$H$2:$H$5001,0.75) -> 1.7656487 | F5: =PERCENTILE('Sim Data'!$H$2:$H$5001,0.95) -> 2.3416801 | G5: =PERCENTILE('Sim Data'!$I$2:$I$5001,0.5) -> 0.0732135 | H5: =PERCENTILE('Sim Data'!$I$2:$I$5001,0.95) -> 0.1153723 | I5: =COUNTIF('Sim Data'!$I$2:$I$5001,">="&Summary!$C$6)/5000 -> 0.1286 | J5: =IF(H5<Summary!$C$6/2,"Comfortable",IF(H5<Summary!$C$6,"Tight","Too risky")) -> Too risky
A6: 0.0025 | B6: =PERCENTILE('Sim Data'!$J$2:$J$5001,0.05) -> 0.45330055 | C6: =PERCENTILE('Sim Data'!$J$2:$J$5001,0.25) -> 0.65256375 | D6: =PERCENTILE('Sim Data'!$J$2:$J$5001,0.5) -> 0.7981445 | E6: =PERCENTILE('Sim Data'!$J$2:$J$5001,0.75) -> 0.96348275 | F6: =PERCENTILE('Sim Data'!$J$2:$J$5001,0.95) -> 1.2243941 | G6: =PERCENTILE('Sim Data'!$K$2:$K$5001,0.5) -> 0.048704 | H6: =PERCENTILE('Sim Data'!$K$2:$K$5001,0.95) -> 0.07731395 | I6: =COUNTIF('Sim Data'!$K$2:$K$5001,">="&Summary!$C$6)/5000 -> 0.007 | J6: =IF(H6<Summary!$C$6/2,"Comfortable",IF(H6<Summary!$C$6,"Tight","Too risky")) -> Tight
A7: 0.005 | B7: =PERCENTILE('Sim Data'!$L$2:$L$5001,0.05) -> 1.0796016 | C7: =PERCENTILE('Sim Data'!$L$2:$L$5001,0.25) -> 1.687603 | D7: =PERCENTILE('Sim Data'!$L$2:$L$5001,0.5) -> 2.180921 | E7: =PERCENTILE('Sim Data'!$L$2:$L$5001,0.75) -> 2.791805 | F7: =PERCENTILE('Sim Data'!$L$2:$L$5001,0.95) -> 3.8651699 | G7: =PERCENTILE('Sim Data'!$M$2:$M$5001,0.5) -> 0.095619 | H7: =PERCENTILE('Sim Data'!$M$2:$M$5001,0.95) -> 0.14964675 | I7: =COUNTIF('Sim Data'!$M$2:$M$5001,">="&Summary!$C$6)/5000 -> 0.4292 | J7: =IF(H7<Summary!$C$6/2,"Comfortable",IF(H7<Summary!$C$6,"Tight","Too risky")) -> Too risky
A8: 0.01 | B8: =PERCENTILE('Sim Data'!$N$2:$N$5001,0.05) -> 3.0665544 | C8: =PERCENTILE('Sim Data'!$N$2:$N$5001,0.25) -> 5.775242 | D8: =PERCENTILE('Sim Data'!$N$2:$N$5001,0.5) -> 8.4838055 | E8: =PERCENTILE('Sim Data'!$N$2:$N$5001,0.75) -> 12.457032 | F8: =PERCENTILE('Sim Data'!$N$2:$N$5001,0.95) -> 21.133387 | G8: =PERCENTILE('Sim Data'!$O$2:$O$5001,0.5) -> 0.1841515 | H8: =PERCENTILE('Sim Data'!$O$2:$O$5001,0.95) -> 0.2804595 | I8: =COUNTIF('Sim Data'!$O$2:$O$5001,">="&Summary!$C$6)/5000 -> 0.9994 | J8: =IF(H8<Summary!$C$6/2,"Comfortable",IF(H8<Summary!$C$6,"Tight","Too risky")) -> Too risky
A9: 0.02 | B9: =PERCENTILE('Sim Data'!$P$2:$P$5001,0.05) -> 11.970412 | C9: =PERCENTILE('Sim Data'!$P$2:$P$5001,0.25) -> 34.774695 | D9: =PERCENTILE('Sim Data'!$P$2:$P$5001,0.5) -> 68.576965 | E9: =PERCENTILE('Sim Data'!$P$2:$P$5001,0.75) -> 138.51957 | F9: =PERCENTILE('Sim Data'!$P$2:$P$5001,0.95) -> 376.24059 | G9: =PERCENTILE('Sim Data'!$Q$2:$Q$5001,0.5) -> 0.3419175 | H9: =PERCENTILE('Sim Data'!$Q$2:$Q$5001,0.95) -> 0.4929144 | I9: =COUNTIF('Sim Data'!$Q$2:$Q$5001,">="&Summary!$C$6)/5000 -> 1 | J9: =IF(H9<Summary!$C$6/2,"Comfortable",IF(H9<Summary!$C$6,"Tight","Too risky")) -> Too risky
A11: Return = over the whole simulated period, not per year. Max DD is measured on the closed balance.

Sheet Prop Challenge
A1: Prop-firm challenge simulation
A2: 2,000 challenges per row. Each simulated day is a random weekday from the backtest (with all its trades, or none). Rules: profit target, 5% daily loss from the start-of-day balance, 10% max loss from the initial balance, at most 260 trading days. Values computed by the simulation.
A4: Phase | B4: Risk per trade | C4: Pass | D4: Failed: daily loss | E4: Failed: max loss | F4: Not finished | G4: Days to pass: median | H4: Days: fastest 25% | I4: Days: slowest 25% | J4: Verdict
A5: Phase 1 (8% target) | B5: 0.0025 | C5: 0.8695 | D5: 0 | E5: 0 | F5: 0.1305 | G5: 123 | H5: 86 | I5: 170 | J5: =IF(C5>=0.7,"Good odds",IF(C5>=0.5,"Coin flip +","Poor odds")) -> Good odds
A6: Phase 1 (8% target) | B6: 0.005 | C6: 0.971 | D6: 0 | E6: 0.01 | F6: 0.019 | G6: 59 | H6: 36 | I6: 99 | J6: =IF(C6>=0.7,"Good odds",IF(C6>=0.5,"Coin flip +","Poor odds")) -> Good odds
A7: Phase 1 (8% target) | B7: 0.0075 | C7: 0.951 | D7: 0 | E7: 0.0475 | F7: 0.0015 | G7: 36 | H7: 21 | I7: 64 | J7: =IF(C7>=0.7,"Good odds",IF(C7>=0.5,"Coin flip +","Poor odds")) -> Good odds
A8: Phase 1 (8% target) | B8: 0.01 | C8: 0.905 | D8: 0 | E8: 0.095 | F8: 0 | G8: 25 | H8: 14 | I8: 45 | J8: =IF(C8>=0.7,"Good odds",IF(C8>=0.5,"Coin flip +","Poor odds")) -> Good odds
A9: Phase 1 (8% target) | B9: 0.015 | C9: 0.8225 | D9: 0 | E9: 0.1775 | F9: 0 | G9: 13 | H9: 7 | I9: 26 | J9: =IF(C9>=0.7,"Good odds",IF(C9>=0.5,"Coin flip +","Poor odds")) -> Good odds
A10: Phase 2 (5% target) | B10: 0.0025 | C10: 0.9685 | D10: 0 | E10: 0 | F10: 0.0315 | G10: 79 | H10: 49 | I10: 120 | J10: =IF(C10>=0.7,"Good odds",IF(C10>=0.5,"Coin flip +","Poor odds")) -> Good odds
A11: Phase 2 (5% target) | B11: 0.005 | C11: 0.979 | D11: 0 | E11: 0.013 | F11: 0.008 | G11: 36 | H11: 20 | I11: 68 | J11: =IF(C11>=0.7,"Good odds",IF(C11>=0.5,"Coin flip +","Poor odds")) -> Good odds
A12: Phase 2 (5% target) | B12: 0.0075 | C12: 0.9455 | D12: 0 | E12: 0.053 | F12: 0.0015 | G12: 21 | H12: 11 | I12: 40 | J12: =IF(C12>=0.7,"Good odds",IF(C12>=0.5,"Coin flip +","Poor odds")) -> Good odds
A13: Phase 2 (5% target) | B13: 0.01 | C13: 0.9125 | D13: 0 | E13: 0.0875 | F13: 0 | G13: 14 | H13: 7 | I13: 28 | J13: =IF(C13>=0.7,"Good odds",IF(C13>=0.5,"Coin flip +","Poor odds")) -> Good odds
A14: Phase 2 (5% target) | B14: 0.015 | C14: 0.833 | D14: 0 | E14: 0.167 | F14: 0 | G14: 8 | H14: 4 | I14: 15 | J14: =IF(C14>=0.7,"Good odds",IF(C14>=0.5,"Coin flip +","Poor odds")) -> Good odds
A16: Days are trading days (weekdays), including days without a trade.

Sheet Spread Stress
A1: What if every trade paid a spread? (bootstrap with a cost per trade)
A2: Cost per trade = spread points x lots x $100 per point per lot. Same random draws as the bootstrap.
A4: Spread (points) | B4: Net if the backtest paid it | C4: Net: worst 5% | D4: 25% | E4: Median | F4: 75% | G4: Best 5% | H4: Chance of a loss | I4: Max DD: worst 5%
A5: 0 | B5: 14640.25 | C5: =PERCENTILE('Sim Data'!$E$2:$E$5001,0.05) -> 7586.4145 | D5: =PERCENTILE('Sim Data'!$E$2:$E$5001,0.25) -> 11765.798 | E5: =PERCENTILE('Sim Data'!$E$2:$E$5001,0.5) -> 14564.635 | F5: =PERCENTILE('Sim Data'!$E$2:$E$5001,0.75) -> 17693.737 | G5: =PERCENTILE('Sim Data'!$E$2:$E$5001,0.95) -> 21772.652 | H5: =COUNTIF('Sim Data'!$E$2:$E$5001,"<0")/5000 -> 0.0002 | I5: =PERCENTILE('Sim Data'!$G$2:$G$5001,0.95) -> 0.2183022
A6: 1 | B6: 10252.25 | C6: =PERCENTILE('Sim Data'!$R$2:$R$5001,0.05) -> 3190.028 | D6: =PERCENTILE('Sim Data'!$R$2:$R$5001,0.25) -> 7382.5675 | E6: =PERCENTILE('Sim Data'!$R$2:$R$5001,0.5) -> 10170.02 | F6: =PERCENTILE('Sim Data'!$R$2:$R$5001,0.75) -> 13307.872 | G6: =PERCENTILE('Sim Data'!$R$2:$R$5001,0.95) -> 17378.303 | H6: =COUNTIF('Sim Data'!$R$2:$R$5001,"<0")/5000 -> 0.0072 | I6: =PERCENTILE('Sim Data'!$S$2:$S$5001,0.95) -> 0.3002287
A7: 2 | B7: 5864.25 | C7: =PERCENTILE('Sim Data'!$T$2:$T$5001,0.05) -> -1206.4085 | D7: =PERCENTILE('Sim Data'!$T$2:$T$5001,0.25) -> 2997.7175 | E7: =PERCENTILE('Sim Data'!$T$2:$T$5001,0.5) -> 5774.84 | F7: =PERCENTILE('Sim Data'!$T$2:$T$5001,0.75) -> 8925.5875 | G7: =PERCENTILE('Sim Data'!$T$2:$T$5001,0.95) -> 12995.967 | H7: =COUNTIF('Sim Data'!$T$2:$T$5001,"<0")/5000 -> 0.0844 | I7: =PERCENTILE('Sim Data'!$U$2:$U$5001,0.95) -> 0.4517449
A9: Average lot size 0.04: each 1 point of spread costs about $3.83 per trade, $4,388 over all 1145 trades.

Sheet Fan Chart
A1: Trade # | B1: Backtest | C1: Worst 5% | D1: 25% | E1: Median | F1: 75% | G1: Best 5%
A2: 1 | B2: 10151.71 | C2: 9884 | D2: 9961 | E2: 9996.88 | F2: 10033.33 | G2: 10216.05
A3: 4 | B3: 10198.93 | C3: 9736.15 | D3: 9903.53 | E3: 10013.18 | F3: 10160.29 | G3: 10470.45
A4: 7 | B4: 10081.42 | C4: 9654.04 | D4: 9878.63 | E4: 10041.31 | F4: 10255.95 | G4: 10668.76
A5: 10 | B5: 10062.43 | C5: 9584.27 | D5: 9866.07 | E5: 10081.57 | F5: 10335.03 | G5: 10826.29
A6: 13 | B6: 10083.55 | C6: 9542.76 | D6: 9879.71 | E6: 10118.33 | F6: 10402.31 | G6: 10949.01
A7: 16 | B7: 10212.07 | C7: 9501.78 | D7: 9878.61 | E7: 10154.04 | F7: 10474.51 | G7: 11069.22
A8: 19 | B8: 10076.17 | C8: 9453.92 | D8: 9876.19 | E8: 10193.25 | F8: 10551.23 | G8: 11203.41
A9: 22 | B9: 10031.32 | C9: 9411.32 | D9: 9886.42 | E9: 10225.41 | F9: 10610.9 | G9: 11337.89
A10: 25 | B10: 9960.88 | C10: 9391.86 | D10: 9893.22 | E10: 10258.82 | F10: 10679.48 | G10: 11434.32
A11: 28 | B11: 10171.26 | C11: 9378.88 | D11: 9895.79 | E11: 10295.01 | F11: 10738.19 | G11: 11528.67
A12: 31 | B12: 10091.34 | C12: 9360.21 | D12: 9900.1 | E12: 10318.87 | F12: 10788.97 | G12: 11614.47
A13: 34 | B13: 10063.1 | C13: 9338.14 | D13: 9926.81 | E13: 10354.67 | F13: 10853.22 | G13: 11728.92
... A384: 1145 | B384: 24640.25 | C384: 17586.41 | D384: 21765.8 | E384: 24564.64 | F384: 27693.74 | G384: 31772.65

Sheet Histograms
A1: How often each result came up
A3: Max DD % from | B3: Runs | C3: Share
A4: 0.05 | B4: =COUNTIFS('Sim Data'!$C$2:$C$5001,">="&A4,'Sim Data'!$C$2:$C$5001,"<"&A5) -> 64 | C4: =B4/5000 -> 0.0128
A5: 0.064 | B5: =COUNTIFS('Sim Data'!$C$2:$C$5001,">="&A5,'Sim Data'!$C$2:$C$5001,"<"&A6) -> 387 | C5: =B5/5000 -> 0.0774
A6: 0.078 | B6: =COUNTIFS('Sim Data'!$C$2:$C$5001,">="&A6,'Sim Data'!$C$2:$C$5001,"<"&A7) -> 832 | C6: =B6/5000 -> 0.1664
A7: 0.092 | B7: =COUNTIFS('Sim Data'!$C$2:$C$5001,">="&A7,'Sim Data'!$C$2:$C$5001,"<"&A8) -> 973 | C7: =B7/5000 -> 0.1946
A8: 0.106 | B8: =COUNTIFS('Sim Data'!$C$2:$C$5001,">="&A8,'Sim Data'!$C$2:$C$5001,"<"&A9) -> 806 | C8: =B8/5000 -> 0.1612
A9: 0.12 | B9: =COUNTIFS('Sim Data'!$C$2:$C$5001,">="&A9,'Sim Data'!$C$2:$C$5001,"<"&A10) -> 614 | C9: =B9/5000 -> 0.1228
A10: 0.134 | B10: =COUNTIFS('Sim Data'!$C$2:$C$5001,">="&A10,'Sim Data'!$C$2:$C$5001,"<"&A11) -> 419 | C10: =B10/5000 -> 0.0838
A11: 0.148 | B11: =COUNTIFS('Sim Data'!$C$2:$C$5001,">="&A11,'Sim Data'!$C$2:$C$5001,"<"&A12) -> 298 | C11: =B11/5000 -> 0.0596
A12: 0.162 | B12: =COUNTIFS('Sim Data'!$C$2:$C$5001,">="&A12,'Sim Data'!$C$2:$C$5001,"<"&A13) -> 209 | C12: =B12/5000 -> 0.0418
A13: 0.176 | B13: =COUNTIFS('Sim Data'!$C$2:$C$5001,">="&A13,'Sim Data'!$C$2:$C$5001,"<"&A14) -> 144 | C13: =B13/5000 -> 0.0288
A14: 0.19 | B14: =COUNTIFS('Sim Data'!$C$2:$C$5001,">="&A14,'Sim Data'!$C$2:$C$5001,"<"&A15) -> 106 | C14: =B14/5000 -> 0.0212
A15: 0.204 | B15: =COUNTIFS('Sim Data'!$C$2:$C$5001,">="&A15,'Sim Data'!$C$2:$C$5001,"<"&A16) -> 44 | C15: =B15/5000 -> 0.0088
... A22: 0.302 | B22: =COUNTIFS('Sim Data'!$C$2:$C$5001,">="&A22,'Sim Data'!$C$2:$C$5001,"<"&A23) -> 4 | C22: =B22/5000 -> 0.0008
A23: 0.316 | B23: =COUNTIFS('Sim Data'!$C$2:$C$5001,">="&A23) -> 4 | C23: =B23/5000 -> 0.0008
A27: Net $ from | B27: Runs | C27: Share
A28: -1000 | B28: =COUNTIFS('Sim Data'!$E$2:$E$5001,">="&A28,'Sim Data'!$E$2:$E$5001,"<"&A29) -> 4 | C28: =B28/5000 -> 0.0008
A29: 650 | B29: =COUNTIFS('Sim Data'!$E$2:$E$5001,">="&A29,'Sim Data'!$E$2:$E$5001,"<"&A30) -> 7 | C29: =B29/5000 -> 0.0014
A30: 2300 | B30: =COUNTIFS('Sim Data'!$E$2:$E$5001,">="&A30,'Sim Data'!$E$2:$E$5001,"<"&A31) -> 17 | C30: =B30/5000 -> 0.0034
A31: 3950 | B31: =COUNTIFS('Sim Data'!$E$2:$E$5001,">="&A31,'Sim Data'!$E$2:$E$5001,"<"&A32) -> 54 | C31: =B31/5000 -> 0.0108
A32: 5600 | B32: =COUNTIFS('Sim Data'!$E$2:$E$5001,">="&A32,'Sim Data'!$E$2:$E$5001,"<"&A33) -> 128 | C32: =B32/5000 -> 0.0256
A33: 7250 | B33: =COUNTIFS('Sim Data'!$E$2:$E$5001,">="&A33,'Sim Data'!$E$2:$E$5001,"<"&A34) -> 242 | C33: =B33/5000 -> 0.0484
A34: 8900 | B34: =COUNTIFS('Sim Data'!$E$2:$E$5001,">="&A34,'Sim Data'!$E$2:$E$5001,"<"&A35) -> 381 | C34: =B34/5000 -> 0.0762
A35: 10550 | B35: =COUNTIFS('Sim Data'!$E$2:$E$5001,">="&A35,'Sim Data'!$E$2:$E$5001,"<"&A36) -> 587 | C35: =B35/5000 -> 0.1174
A36: 12200 | B36: =COUNTIFS('Sim Data'!$E$2:$E$5001,">="&A36,'Sim Data'!$E$2:$E$5001,"<"&A37) -> 755 | C36: =B36/5000 -> 0.151
A37: 13850 | B37: =COUNTIFS('Sim Data'!$E$2:$E$5001,">="&A37,'Sim Data'!$E$2:$E$5001,"<"&A38) -> 724 | C37: =B37/5000 -> 0.1448
A38: 15500 | B38: =COUNTIFS('Sim Data'!$E$2:$E$5001,">="&A38,'Sim Data'!$E$2:$E$5001,"<"&A39) -> 660 | C38: =B38/5000 -> 0.132
A39: 17150 | B39: =COUNTIFS('Sim Data'!$E$2:$E$5001,">="&A39,'Sim Data'!$E$2:$E$5001,"<"&A40) -> 562 | C39: =B39/5000 -> 0.1124
... A46: 28700 | B46: =COUNTIFS('Sim Data'!$E$2:$E$5001,">="&A46,'Sim Data'!$E$2:$E$5001,"<"&A47) -> 6 | C46: =B46/5000 -> 0.0012
A47: 30350 | B47: =COUNTIFS('Sim Data'!$E$2:$E$5001,">="&A47) -> 1 | C47: =B47/5000 -> 0.0002

Sheet Sim Data
A1: Sim # | B1: Reshuffle: max DD $ | C1: Reshuffle: max DD % | D1: Reshuffle: longest losing streak | E1: Bootstrap: net profit $ | F1: Bootstrap: max DD $ | G1: Bootstrap: max DD % | H1: Risk 0.38%: return | I1: Risk 0.38%: max DD % | J1: Risk 0.25%: return | K1: Risk 0.25%: max DD % | L1: Risk 0.50%: return | M1: Risk 0.50%: max DD % | N1: Risk 1.00%: return | O1: Risk 1.00%: max DD % | P1: Risk 2.00%: return | Q1: Risk 2.00%: max DD % | R1: Spread 1 pt: net $ | S1: Spread 1 pt: max DD % | T1: Spread 2 pt: net $ | U1: Spread 2 pt: max DD %
A2: 1 | B2: 1539.07 | C2: 0.083635 | D2: 21 | E2: 11039.82 | F2: 2394.55 | G2: 0.197658 | H2: 1.195883 | I2: 0.093854 | J2: 0.686296 | K2: 0.062475 | L2: 1.79843 | M2: 0.122537 | N2: 6.34943 | O2: 0.235235 | P2: 41.074958 | Q2: 0.430517 | R2: 6642.82 | S2: 0.286209 | T2: 2245.82 | U2: 0.498689
A3: 2 | B3: 1867.43 | C3: 0.119167 | D3: 16 | E3: 21155.69 | F3: 1695.89 | G3: 0.11033 | H3: 1.865602 | I3: 0.07455 | J3: 1.01023 | K3: 0.049651 | L3: 2.972495 | M3: 0.097301 | N3: 13.745994 | O3: 0.186804 | P3: 165.54861 | Q3: 0.344077 | R3: 16766.69 | S3: 0.141064 | T3: 12377.69 | U3: 0.1882
A4: 3 | B4: 1966.95 | C4: 0.101047 | D4: 17 | E4: 7434.47 | F4: 3635.21 | G4: 0.237239 | H4: 1.166398 | I4: 0.135746 | J4: 0.671295 | K4: 0.091108 | L4: 1.749145 | M4: 0.175882 | N4: 6.095856 | O4: 0.327324 | P4: 38.29306 | Q4: 0.564433 | R4: 3055.47 | S4: 0.343814 | T4: -1323.53 | U4: 0.52162
A5: 4 | B5: 1595.64 | C5: 0.117219 | D5: 18 | E5: 17099.5 | F5: 1356.4 | G5: 0.068472 | H5: 1.315575 | I5: 0.075032 | J5: 0.746316 | K5: 0.050038 | L5: 2.001224 | M5: 0.097812 | N5: 7.453821 | O5: 0.186922 | P5: 54.694555 | Q5: 0.341699 | R5: 12714.5 | S5: 0.08881 | T5: 8329.5 | U5: 0.114597
A6: 5 | B6: 1561.34 | C6: 0.112511 | D6: 21 | E6: 17835.32 | F6: 1472.96 | G6: 0.091064 | H6: 1.76886 | I6: 0.066943 | J6: 0.964969 | K6: 0.0444 | L6: 2.797669 | M6: 0.087702 | N6: 12.505425 | O6: 0.170869 | P6: 139.87642 | Q6: 0.322801 | R6: 13451.32 | S6: 0.122568 | T6: 9067.32 | U6: 0.184542
A7: 6 | B7: 1695.55 | C7: 0.147234 | D7: 18 | E7: 14941.48 | F7: 2979.8 | G7: 0.140416 | H7: 1.201522 | I7: 0.079536 | J7: 0.68906 | K7: 0.053006 | L7: 1.808179 | M7: 0.103745 | N7: 6.406698 | O7: 0.198663 | P7: 41.871394 | Q7: 0.363961 | R7: 10540.48 | S7: 0.189148 | T7: 6139.48 | U7: 0.269043
A8: 7 | B8: 1193.97 | C8: 0.067449 | D8: 15 | E8: 28739.43 | F8: 886.68 | G8: 0.061691 | H8: 2.933895 | I8: 0.054094 | J8: 1.477279 | K8: 0.035866 | L8: 5.03063 | M8: 0.070895 | N8: 32.935846 | O8: 0.138427 | P8: 876.44541 | Q8: 0.263344 | R8: 24386.43 | S8: 0.071302 | T8: 20033.43 | U8: 0.082614
A9: 8 | B9: 1957.73 | C9: 0.095438 | D9: 15 | E9: 17108.45 | F9: 1618.63 | G9: 0.11035 | H9: 1.333622 | I9: 0.07305 | J9: 0.755437 | K9: 0.048525 | L9: 2.031568 | M9: 0.095569 | N9: 7.613389 | O9: 0.18514 | P9: 56.496873 | Q9: 0.346019 | R9: 12726.45 | S9: 0.115961 | T9: 8344.45 | U9: 0.12636
A10: 9 | B10: 1582.48 | C10: 0.135038 | D10: 17 | E10: 6412.04 | F10: 1913.04 | G10: 0.162988 | H10: 0.771795 | I10: 0.069259 | J10: 0.463731 | K10: 0.045947 | L10: 1.109476 | M10: 0.090716 | N10: 3.183929 | O10: 0.176572 | P10: 12.735792 | Q10: 0.332828 | R10: 1991.04 | S10: 0.217646 | T10: -2429.96 | U10: 0.436957
A11: 10 | B11: 1038.51 | C11: 0.086003 | D11: 14 | E11: 15826.4 | F11: 3833.39 | G11: 0.154719 | H11: 1.761088 | I11: 0.066011 | J11: 0.961465 | K11: 0.04389 | L11: 2.783149 | M11: 0.08629 | N11: 12.388652 | O11: 0.166718 | P11: 136.91145 | Q11: 0.310847 | R11: 11458.4 | S11: 0.209498 | T11: 7090.4 | U11: 0.299022
A12: 11 | B12: 1089.62 | C12: 0.101398 | D12: 18 | E12: 21515.62 | F12: 1719.85 | G12: 0.163683 | H12: 3.070447 | I12: 0.085767 | J12: 1.533793 | K12: 0.057127 | L12: 5.307256 | M12: 0.111923 | N12: 36.08191 | O12: 0.214607 | P12: 1042.4326 | Q12: 0.393271 | R12: 17095.62 | S12: 0.204381 | T12: 12675.62 | U12: 0.24538
A13: 12 | B13: 1689.82 | C13: 0.152965 | D13: 21 | E13: 14301.52 | F13: 2237.84 | G13: 0.198479 | H13: 1.040551 | I13: 0.092613 | J13: 0.606482 | K13: 0.061842 | L13: 1.541147 | M13: 0.120581 | N13: 5.072988 | O13: 0.229143 | P13: 27.969469 | Q13: 0.413421 | R13: 9921.52 | S13: 0.23481 | T13: 5541.52 | U13: 0.289418
... A5001: 5000 | B5001: 1641.35 | C5001: 0.154537 | D5001: 17 | E5001: 12816.6 | F5001: 2105.48 | G5001: 0.135974 | H5001: 1.605709 | I5001: 0.058442 | J5001: 0.887719 | K5001: 0.038856 | L5001: 2.506068 | M5001: 0.0764 | N5001: 10.525702 | O5001: 0.147695 | P5001: 102.11507 | Q5001: 0.276057 | R5001: 8429.6 | S5001: 0.170263 | T5001: 4042.6 | U5001: 0.214418
